:020000040800F2
:100000007807002089570008090600080B06000839
:100010000F0600081306000817060008000000007D
:100020000000000000000000000000001B060008A7
:100030001D060008000000001F0600082106000839
:10004000A3570008A3570008A3570008A3570008A8
:10005000A3570008A3570008A3570008A357000898
:10006000A3570008A3570008A3570008A357000888
:10007000A3570008A3570008A3570008A357000878
:10008000A3570008A3570008A3570008A357000868
:10009000A3570008A3570008A3570008A357000858
:1000A000A3570008A3570008A3570008A357000848
:1000B000A3570008A3570008A3570008A357000838
:1000C000A3570008A3570008A3570008A357000828
:1000D000A3570008C7560008A3570008A3570008F5
:1000E000A3570008A3570008A3570008A357000808
:1000F000A3570008A3570008A3570008A3570008F8
:10010000A3570008A3570008A3570008A3570008E7
:10011000A3570008A3570008A3570008A3570008D7
:10012000A3570008A3570008A3570008A3570008C7
:1001300000F002F800F03FF80AA090E8000C8244BA
:100140008344AAF10107DA4501D100F034F8AFF297
:10015000090EBAE80F0013F0010F18BFFB1A43F0A5
:1001600001031847D8930000F8930000103A24BF09
:1001700078C878C1FAD8520724BF30C830C144BF0C
:1001800004680C607047000000230024002500264E
:10019000103A28BF78C1FBD8520728BF30C148BFEA
:1001A0000B607047782906F03787002070471FB52D
:1001B0001FBD10B510BD06F0E7FF1146FFF7F7FFB2
:1001C00000F008F807F005F803B4FFF7F2FF03BCEE
:1001D00005F01EFA86B00027002400BF4FF001088A
:1001E00040F2F3755A208DF81000A5208DF811000B
:1001F00005F0A4F94FF4A06005F0E6FA4FF4E13001
:1002000005F015FA00F0FEFA01F043FA05F0C4F823
:1002100005F036F94FF47840C0490880C0A010219D
:100220000B46C822CDE9001032213C2005F080F8B1
:10023000BEA010210B46C822CDE9001046213C206B
:1002400005F076F8BCA010210B46C822CDE90010BD
:100250005A213C2005F06CF8BBA010210B46C822A7
:10026000CDE900106E213C2005F062F8B9A0102104
:100270000B46C822CDE9001082213C2005F058F839
:10028000BBA010210B46C822CDE9001091213C20D3
:1002900005F04EF81F20A1490880B8A010210B4698
:1002A000C822CDE90010A5213C2005F041F8B6A0F8
:1002B00010210B46C822CDE90010B9213C2005F0E1
:1002C00037F8B5A010210B46C822CDE90010CD218A
:1002D0003C2005F02DF8B4A010210B46C822CDE932
:1002E0000010E1213C2005F023F8B2A006F054FEF6
:1002F0000021084606F011FE0EE1781CC7B200206E
:1003000000F0CCFA0646032E1ED1B8F1000F01D141
:10031000012000E000208046B8F1000F0AD0AEA016
:1003200010210B46C822CDE90010E1213C2004F049
:10033000FFFF09E0ACA010210B46C822CDE9001058
:10034000E1213C2004F0F4FFB8F1000F1BD00520A0
:1003500097FBF0F100FB1170A8B9AC420CDA281B36
:100360000A2803DD04F10A0084B200E02C4621468D
:10037000002006F0D2FD06E0AC4204DB2C4621460C
:10038000002006F0CAFD0A2F01D0032E7ED10020E6
:1003900006F0EDFD81460020102104234A46CDE9F8
:1003A0000010A5217C2004F055FF484607F072FBA1
:1003B000834607F0E3F94FF066328F4BCDE9000139
:1003C00007F0DEF8CDE9020106F010FF8246504644
:1003D00007F040FB1FFA80F9504607F03BFB8346CD
:1003E0000020102101235A46CDE90010B9217C20BC
:1003F00004F030FF484607F04DFB8346514607F0B6
:1004000029FC82467D49504607F058FB82465046FB
:1004100007F020FB83468020102103235A46CDE9B4
:100420000010B9218C2004F015FF7548006808B948
:10043000012000E00020724908600A21012005F037
:1004400004F88146484607F025FB834607F096F9F5
:100450004FF06632684BCDE9000107F091F8CDE925
:10046000020106F0C3FE8246504607F0F3FA1FFA77
:1004700080F96249504607F021FB834607F0CEFA27
:10048000C0B28DF812005D49504600E041E007F02F
:1004900015FB834607F0C2FA000A8DF81300AB2063
:1004A0008DF81400052104A805F058F9504607F00E
:1004B000D1FA83460020102101235A46CDE90010CD
:1004C000CD217C2004F0C6FE484607F0E3FA8346BF
:1004D000514607F0BFFB82464849504607F0EEFA06
:1004E0008246504607F0B6FA834680201021032347
:1004F0005A46CDE90010CD218C2004F0ABFE4148D6
:10050000D0F8940108B9012000E000203C490860BF
:1005100000270A2005F04FF8EFE600001600002043
:10052000456C6974652053544D3332004441432077
:10053000544553540000000041544F4D40414C4934
:10054000454E54454B000000323032342F312F37A6
:1005500000000000574B5F55503A4D6F6465204BCB
:100560004559313A53746F702F537461727400009F
:100570005461726765743A312E3656004441432007
:1005800056414C3A0000000044414320564F4C3A3B
:10059000302E30303056000041444320564F4C3A04
:1005A000302E3030305600004D4F44453A204155F2
:1005B000544F000041444320566F6C7461676520BE
:1005C0004D6561737572656D656E742053746172EB
:1005D000742E2E2E0D0A00004D4F44453A204155F1
:1005E000544F2020200000004D4F44453A205041F8
:1005F000555345202000000066664A3F00007A44BB
:100600009481214200802142704700BFFEE700BF75
:10061000FEE700BFFEE700BFFEE770477047704788
:10062000704700000CB50020019000906C480068F5
:1006300040F480306A49086000BF6948006800F4EF
:10064000003000900198401C0190009818B9019862
:10065000B0F5A06FF1D16248006800F4003010B12D
:100660000120009001E0002000900098012843D173
:100670005C48006840F010005A490860084600686D
:1006800020F0030008600846006840F0020008609F
:1006900053484068524948600846406848600846E8
:1006A000406840F4806048600846406820F47C1050
:1006B00048600846406840F4E81048600846006812
:1006C00040F08070086000BF4548006800F000708E
:1006D0000028F9D04248406820F0030040494860B3
:1006E0000846406840F00200486000BF3C4840684F
:1006F00000F00C000828F9D10CBD10B5FFF792FFEF
:1007000010BD10B53648006840F00100344908605B
:100710000846406834490840314948600846006846
:10072000324908402E4908600846006820F48020BD
:1007300008600846406820F4FE0048604FF41F003F
:100740008860FFF7DAFF4FF000602949086010BDAC
:1007500010B5002100200022214B5B6803F00C0142
:1007600021B1042906D0082928D107E0214B224CC9
:10077000236027E01F4B204C236023E0184B5B686D
:1007800003F47010164B5B6803F48032022303EB12
:10079000904022B9194B4343174C23600DE0104B96
:1007A0005B6803F4003323B1144B4343124C2360C2
:1007B00003E0104B4343104C236003E00D4B0E4C01
:1007C000236000BF00BF064B5B68C3F303130C4CF0
:1007D000E15C094B1B68CB40074C236010BD000057
:1007E00000100240002002400000FFF8FFFFF6FE6C
:1007F00008ED00E000127A000000002000093D0032
:100800000400002008B50121482006F095F82020BA
:10081000ADF8000010208DF8030003208DF80200D1
:1008200069460F4805F0CCFD20210D4805F075FE06
:100830002020ADF8000069460A4805F0C1FD2021DE
:10084000084805F06AFE0620ADF800006946054834
:1008500005F0B6FD0621034805F05FFE08BD000067
:10086000000C01400018014008B50121442006F0A9
:1008700063F81820ADF8000048208DF803006946A1
:100880002C4805F09DFD0120ADF8000028208DF8D2
:1008900003006946284805F093FD08BD10B50446DD
:1008A00014B10120254908702448007858B310215C
:1008B000204805F018FE50B108211E4805F013FE2F
:1008C00028B101211C4805F00EFE01281BD10A2089
:1008D00004F071FE0020194908701021154805F038
:1008E00002FE08B9012010BD0821124805F0FBFDE9
:1008F00008B90220F7E701210F4805F0F4FD0128AF
:1009000015D10320EFE710210A4805F0ECFD01287E
:100910000DD10821074805F0E6FD012807D1012186
:10092000054805F0E0FD10B90120044908700020D9
:10093000D9E7000000180140000801401400002021
:10094000F74908807047F649891C0880704708B548
:10095000F348801C00880090BDF8000008BDF04AF4
:100960001080921C1180704710B504462046FFF796
:10097000E7FF052004F0FBFDFFF7E9FF10BDE948A4
:100980000089E74908807047E549891C088070475D
:1009900030B5014601F01F04C1F34513CA0AE50250
:1009A00005EB43151544A8B230BD00BF011EA0F1F0
:1009B0000102D0B2FAD1704710B503460C46D948AF
:1009C000808849F24131884205D0D648808845F276
:1009D0001031884214D1D3494889FFF7B1FF18126A
:1009E000FFF7B1FFD8B2FFF7AEFFCE498889FFF716
:1009F000A7FF2012FFF7A7FFE0B2FFF7A4FFABE0CD
:100A0000C848808846F6040188421DD1C5488079CF
:100A1000012804D1C3480088401EC01A83B2C149CE
:100A20004889FFF78DFF1812FFF78DFFD8B2FFF747
:100A30008AFFBC498889FFF783FF2012FFF783FFF5
:100A4000E0B2FFF780FF87E0B648808841F6631187
:100A5000884247D1B3488079A8B9B2480088401E7F
:100A6000C01A83B2AF494889FFF76AFF0020FFF739
:100A70006AFF0020FFF767FF1812FFF764FFD8B284
:100A8000FFF761FF16E0A7494889FFF759FF1812E1
:100A9000FFF759FFD8B2FFF756FFA2490988491E50
:100AA000C1F30F20FFF74FFF9E490978491EC8B2D6
:100AB000FFF749FF9B498889FFF742FF2012FFF7A4
:100AC00042FFE0B2FFF73FFF96494988491EC1F354
:100AD0000F20FFF738FF93498978491EC8B2FFF706
:100AE00032FF39E08F48808845F21051884220D18A
:100AF0008C494889FFF724FF1812FFF724FF894922
:100B00004989491C88B2FFF71BFFD8B2FFF71BFFCA
:100B100084498889FFF714FF2012FFF714FF8149E9
:100B20008989491C88B2FFF70BFFE0B2FFF70BFF82
:100B300012E07C488079012804D17A480088401E60
:100B4000C01A83B2774948891946FFF708FF7549EB
:100B500088892146FFF703FF10BD2DE9F0410546C6
:100B60000E4600240027A0466E480088A84203DDF8
:100B70006C484088B04202DC0020BDE8F08131467C
:100B80002846FFF719FF6748808849F241318842BB
:100B900011D06448808846F6040188420BD0614831
:100BA000808845F21031884205D05E48808841F641
:100BB0006311884203D12E20FFF7C2FE0DE0594891
:100BC000808845F21051884204D14FF43850FFF725
:100BD000B7FE02E02220FFF7B3FE5248808849F2B8
:100BE0002031884202D10220FFF7DFFEFFF7AFFE7F
:100BF00004464C48808841F66311884201D1204662
:100C0000BBE70220FFF7D1FEFFF7A1FE04464548EF
:100C1000808849F2413188420BD04248808845F2B1
:100C20001031884205D03F48808845F210518842F3
:100C30000AD10220FFF7B9FEFFF789FE8046E7B22E
:100C40004FF6FF7000EA07273648808849F22531C1
:100C5000884216D03348808844F23551884210D0FB
:100C600030488088091F88420BD02E4880884BF27C
:100C70000551884205D02B4880884CF205518842A6
:100C800001D1204679E72748808849F241318842DE
:100C90000BD02448808845F21031884205D0214885
:100CA000808845F21051884207D1E012C002B91283
:100CB00040EA411040EAE8205FE72046FFF768FE7F
:100CC0005BE700B51748808849F24131884211D06E
:100CD0001448808846F6040188420BD01148808869
:100CE00045F21031884205D00E48808841F66311E4
:100CF000884203D12920FFF723FE0FE009488088AE
:100D000045F21051884204D14FF42450FFF718FEE9
:100D100004E040F273110720FFF721FE00BD000040
:100D2000FE07006C3C00002000B5FD48808849F2B9
:100D30004131884211D0FA48808846F60401884241
:100D40000BD0F748808845F21031884205D0F4482E
:100D5000808841F66311884203D12820FFF7F0FD17
:100D60000EE0EF48808845F21051884204D14FF4DC
:100D70002050FFF7E5FD03E000210720FFF7EFFD1E
:100D800000BD70B5044600230026E548807901289F
:100D90000BD1E348808846F60401884205D0E0483C
:100DA000808841F66311884208D1DD488079F0B926
:100DB000DB48808841F66311884218D1082C15D28F
:100DC000DFE804F00406080A0C0E101206240DE0F9
:100DD00007240BE0042409E0052407E0012405E0D2
:100DE000002403E0032401E0022400BF00BFCC483C
:100DF000808849F24131884217D0C948808846F638
:100E00000401884211D0C648808845F210318842DA
:100E10000BD0C348808845F21051884205D0C048A5
:100E2000808841F6631188427ED1082C1CD2DFE80D
:100E300004F00406090C0F12151800BF14E043F06B
:100E4000800311E043F040030EE043F0C0030BE0E9
:100E500043F0200308E043F0600305E043F0A00303
:100E600002E043F0E00300BF00BFAD48808845F2D8
:100E70001051884202D14FF4585600E03626A84857
:100E8000808845F2103188420DD0A548808845F20F
:100E90001051884207D0A248808841F663118842E9
:100EA00001D043F008039E48808846F6040188423A
:100EB00001D143F0020319463046FFF750FD984830
:100EC000808841F6631188421DD003F0200068B18C
:100ED0009348008892494988884214DA90480588E6
:100EE00040888F490880084645800CE08C4800887F
:100EF0008B494988884206DD8948058840888849A9
:100F00000880084645808648808845F2105188420E
:100F100054D183494889FFF713FD0020FFF713FDE3
:100F20007F494989491C00E077E088B2FFF708FD56
:100F30000020FFF708FD7A494989891C88B2FFF72C
:100F4000FFFC77490988491EC1F30F20FFF7FBFC1E
:100F500073494989C91C88B2FFF7F2FC70490978C6
:100F6000491EC8B2FFF7EFFC6D498889FFF7E8FC1E
:100F70000020FFF7E8FC6A498989491C88B2FFF71D
:100F8000DFFC0020FFF7DFFC65498989891C88B2F6
:100F9000FFF7D6FC62494988491EC1F30F20FFF7CD
:100FA000D2FC5F498989C91C88B2FFF7C9FC5C493A
:100FB0008978491EC8B2FFF7C6FC55E058494889F0
:100FC000FFF7BEFC0020FFF7BEFC0020FFF7BBFCD4
:100FD00053490988491EC1F30F20FFF7B4FC50495B
:100FE0000978491EC8B2FFF7AEFC4D498889FFF762
:100FF000A7FC0020FFF7A7FC0020FFF7A4FC48494E
:101000004988491EC1F30F20FFF79DFC44498978A8
:10101000491EC8B2FFF797FC26E0082C1CD2DFE877
:1010200004F004070A0D0F12151843F0300313E003
:1010300043F0100310E043F020030DE000BF0BE08D
:1010400043F0380308E043F0280305E043F01803B9
:1010500002E043F0080300BF00BF032643F48053BF
:1010600019463046FFF77BFC70BD30B504460D468F
:1010700029462046FFF7A0FCFFF781FC294800889D
:101080002949088030BD30B503460C461546244832
:10109000808849F24131884205D02148808845F254
:1010A0001031884214D11E494889FFF749FC1812B3
:1010B000FFF749FCD8B2FFF746FC19498889FFF7CA
:1010C0003FFC2012FFF73FFCE0B2FFF73CFC93E04F
:1010D0001348808845F21051884227D11049488929
:1010E000FFF72EFC1812FFF72EFC0D494989491C09
:1010F00088B2FFF725FCD8B2FFF725FC084988899C
:10110000FFF71EFC2012FFF71EFC05498989491CC8
:1011100088B2FFF715FCE0B2FFF715FC6CE00000A9
:101120003C000020160000200008006CFC4880886D
:1011300041F66311884228D1F948807920B9F848EE
:101140000088401EC01A83B2F5494889FFF7F8FBB2
:101150001812FFF7F8FBD8B2FFF7F5FB1812FFF7EC
:10116000F2FBD8B2FFF7EFFBED498889FFF7E8FB08
:101170002012FFF7E8FBE0B2FFF7E5FB2012FFF7D4
:10118000E2FBE0B2FFF7DFFB36E0E548808846F699
:10119000040188421DD1E2488079012804D1E04849
:1011A0000088401EC01A83B2DD494889FFF7C8FB9A
:1011B0001812FFF7C8FBD8B2FFF7C5FBD8498889DA
:1011C000FFF7BEFB2012FFF7BEFBE0B2FFF7BBFB51
:1011D00012E0D3488079012804D1D1480088401E0C
:1011E000C01A83B2CE4948891946FFF7B8FBCC49EB
:1011F00088892146FFF7B3FBC9480089C94908809F
:10120000881C058030BD2DE9F0470446BE20FFF75D
:1012100097FB0520FFF797FB204606F09EF907464F
:101220004FF06632C04B06F0ABF9054606F068F9A0
:101230001FFA80F94846FFF786FB0120FFF783FB82
:10124000FF20FFF780FB0020FFF77DFB0020FFF76A
:101250007AFBBDE8F08710B50446002C66D1B04992
:101260008871F02008804FF4A0704880084680887C
:1012700049F2413188420BD0A948808846F60401E2
:10128000884205D0A648808845F2103188421AD19C
:101290002C20A34908812A2048812B2088810846D8
:1012A000808846F60401884205D09D48808845F232
:1012B0001031884206D14FF4A070994908804FF44C
:1012C000F0704880A1E09648808845F2105188422D
:1012D00010D14FF43050924908814FF42850488182
:1012E0004FF42C5088814FF4F07008804FF4487010
:1012F00048808AE08A48808841F6631188420DD18F
:101300002C20874908812B2048812A2088814FF48E
:10131000F07008804FF44870488076E022208049C1
:10132000088120204881212088816EE001207C49AD
:1013300088714FF4A0700880F020488008468088AB
:1013400049F24131884205D07548808845F2103114
:10135000884207D12C20724908812A2048812B20FD
:1013600088813FE06E48808846F60401884207D1B4
:101370002C206B4908812B2048812A20888131E06C
:101380006748808845F21051884210D14FF43050A0
:10139000634908814FF4285048814FF42C508881CC
:1013A0004FF4487008804FF4F07048801AE05C48B1
:1013B000808841F6631188420DD12C20584908815C
:1013C0002A2048812B2088814FF4487008804FF4F0
:1013D000F070488006E02220514908812120488190
:1013E000202088814E48808846F60401884205D036
:1013F0004B48808845F21031884206D14FF4F07096
:10140000474908804FF4A07048800020FFF7B9FCDE
:1014100010BD2DE9F04F86B004460D469046994622
:1014200004EB0800401E86B205EB0900401E87B29F
:101430003B48808849F24131884215D0384880883D
:1014400045F2103188420FD03548808846F60401B5
:10145000884209D032488079012826D130488088D6
:1014600041F66311884220D12D494889FFF768FA77
:101470002012FFF768FAE0B2FFF765FA3012FFF7C3
:1014800062FAF0B2FFF75FFA25498889FFF758FA48
:101490002812FFF758FAE8B2FFF755FA3812FFF7AB
:1014A00052FAF8B2FFF74FFABEE01D48808841F6C5
:1014B000631188423AD11A480088A0EB0800001B4B
:1014C00084B205EB0900401E1FFA80F914494889CF
:1014D000FFF736FA2012FFF736FAE0B2FFF733FAD9
:1014E00004EB0801491EC1F30F20FFF72CFA04EBAF
:1014F0000801491EC8B2FFF726FA09498889FFF793
:101500001FFA2812FFF71FFAE8B2FFF71CFA4FEA9A
:101510002920FFF718FA09F0FF00FFF714FA83E01B
:101520003C000020FE07006C66660440FE48808890
:1015300045F21051884244D1FB494889FFF700FA2F
:101540002012FFF700FAF8494989491C88B2FFF7D1
:10155000F7F9E0B2FFF7F7F9F3494989891C88B236
:10156000FFF7EEF93012FFF7EEF9EF494989C91C90
:1015700088B2FFF7E5F9F0B2FFF7E5F9EA498889A3
:10158000FFF7DEF92812FFF7DEF9E7498989491CE0
:1015900088B2FFF7D5F9E8B2FFF7D5F9E2498989B2
:1015A000891C88B2FFF7CCF93812FFF7CCF9DE4975
:1015B0008989C91C88B2FFF7C3F9F8B2FFF7C3F9EC
:1015C00032E0D948807901280ED1AA46BB46D648D8
:1015D0000088801B401E80B20190D3480088001B09
:1015E000401E80B2009003E0A246B34601950097EA
:1015F00050200590512004905220039053200290D7
:1016000051460598FFF7ABF959460498FFF7A7F93B
:1016100001990398FFF7A3F900990298FFF79FF942
:1016200029462046FFF7C8F906B0BDE8F08F70B52F
:1016300004460026BC48058840884543BA4880884F
:1016400046F60401884216D1B7488079012812D1A4
:101650000020B54988712A2048812B2088810021EB
:101660000846FFF7A9F90120AF4988712B2048816E
:101670002A20888103E000210846FFF79DF9FFF743
:101680007EF9002602E0A9480480761CAE42FAD317
:1016900070BD00B59FB00121080205F040F901219D
:1016A0004FF4B47005F048F90120ADF8780010202F
:1016B0008DF87B0003208DF87A001EA99C4804F069
:1016C0007FFE4CF23370ADF8780018208DF87B0067
:1016D00003208DF87A001EA9964804F071FE4FF69B
:1016E0008070ADF8780018208DF87B0003208DF80D
:1016F0007A001EA9904804F063FE41F20100ADF8A3
:10170000780018208DF87B0003208DF87A001EA940
:101710008A4804F055FE01200890002009900F200F
:101720000A9000200B900C900D900E90019002906A
:101730000320039000200490059006900790062057
:101740000F90002010901190102012900020139004
:1017500015901490169017904FF480501890002018
:1017600019904FF480401A9000201B9008A81C90FC
:1017700001A81D900FA804F009FB0121062004F028
:101780006DFC322003F017FF0020FFF7EDF86649EB
:10179000888008468088FF280ADB084680884FF644
:1017A000FF71884204D060488088B0F5134F7CD127
:1017B000D320FFF7C5F8FFF7CAF85B498880FFF729
:1017C000C6F859498880FFF7C2F85749888008460B
:1017D00080884FF6FF7101EA002053498880FFF7A7
:1017E000B6F85149898808434F498880084680885F
:1017F00049F24131884258D0BF20FFF7A1F8FFF7E6
:10180000A6F849498880FFF7A2F847498880FFF782
:101810009EF845498880FFF79AF843498880084632
:1018200080884FF6FF7101EA00203F498880FFF76A
:101830008EF83D49898808433B498880084680885E
:1018400046F60401884230D0D420FFF779F8FFF73C
:101850007EF835498880FFF77AF833498880FFF7AA
:1018600076F831498880084680884FF6FF7101EA92
:1018700000202D498880FFF76AF82B4989880843A2
:10188000294988800846808845F21031884263D013
:101890004FF45A40FFF754F8FFF759F8224988806F
:1018A0004FF45B40FFF74CF800E055E0FFF74FF8CE
:1018B0001D498880084680884FF6FF7101EA0020A4
:1018C000194988804FF45C40FFF73AF8FFF73FF87A
:1018D0001549898808431449888008468088B0F5EE
:1018E000004F02D145F2105088800F48808845F2A1
:1018F0001051884230D0A120FFF722F8FFF727F8D7
:1019000009498880FFF723F80749888008468088BE
:101910004FF6FF7101EA002003498880FFF717F8AE
:101920000149898808430BE03C0000200008006C56
:10193000000C01400014014000180140002001404B
:10194000FE4988800846808845F26171884203D14B
:1019500041F66310F9498880F8488188F8A005F0BD
:101960001BFBF648808849F2413188427ED1CF2066
:10197000FEF7E6FF0020FEF7E6FFC120FEF7E3FFDB
:101980003020FEF7E0FFED20FEF7DAFF6420FEF7DF
:10199000DAFF0320FEF7D7FF1220FEF7D4FF8120E5
:1019A000FEF7D1FFE820FEF7CBFF8520FEF7CBFF47
:1019B0001020FEF7C8FF7A20FEF7C5FFCB20FEF708
:1019C000BFFF3920FEF7BFFF2C20FEF7BCFF002031
:1019D000FEF7B9FF3420FEF7B6FF0220FEF7B3FF93
:1019E000F720FEF7ADFF2020FEF7ADFFEA20FEF75F
:1019F000A7FF0020FEF7A7FF0020FEF7A4FFC020EE
:101A0000FEF79EFF1B20FEF79EFFC120FEF798FF0A
:101A10000120FEF798FFC520FEF792FF3020FEF769
:101A200092FF3020FEF78FFFC720FEF789FFB72017
:101A3000FEF789FF3620FEF783FF4820FEF783FF7D
:101A40003A20FEF77DFF5520FEF77DFFB120FEF71F
:101A500077FF0020FEF777FF1A20FEF774FFB6200D
:101A6000FEF76EFF0A20FEF76EFF00E097E0A2206F
:101A7000FEF769FFF220FEF763FF0020FEF763FF29
:101A80002620FEF75DFF0120FEF75DFFE020FEF758
:101A900057FF0F20FEF757FF2A20FEF754FF28209C
:101AA000FEF751FF0820FEF74EFF0E20FEF74BFF1A
:101AB0000820FEF748FF5420FEF745FFA920FEF757
:101AC00042FF4320FEF73FFF0A20FEF73CFF0F20B6
:101AD000FEF739FF0020FEF736FF0020FEF733FF48
:101AE0000020FEF730FF0020FEF72DFFE120FEF77B
:101AF00027FF0020FEF727FF1520FEF724FF172001
:101B0000FEF721FF0720FEF71EFF1120FEF71BFF47
:101B10000620FEF718FF2B20FEF715FF5620FEF7D4
:101B200012FF3C20FEF70FFF0520FEF70CFF1020F0
:101B3000FEF709FF0F20FEF706FF3F20FEF703FF29
:101B40003F20FEF700FF0F20FEF7FDFE2B20FEF7E3
:101B5000F7FE0020FEF7F7FE0020FEF7F4FE01205E
:101B6000FEF7F1FE3F20FEF7EEFE2A20FEF7E8FE2C
:101B70000020FEF7E8FE0020FEF7E5FE0020FEF75D
:101B8000E2FEEF20FEF7DFFE1120FEF7D9FE7820FF
:101B900003F011FD2920FEF7D3FE03F022B96748B8
:101BA000808846F6040188427ED11120FEF7C8FEE7
:101BB000142003F000FDD020FEF7C2FE0720FEF740
:101BC000C2FE4220FEF7BFFE1D20FEF7BCFED12064
:101BD000FEF7B6FE0020FEF7B6FE1A20FEF7B3FEB3
:101BE0000920FEF7B0FED220FEF7AAFE0120FEF784
:101BF000AAFE2220FEF7A7FEC020FEF7A1FE1020BD
:101C0000FEF7A1FE3B20FEF79EFE0020FEF79BFEA6
:101C10000220FEF798FE1120FEF795FEC520FEF784
:101C20008FFE0320FEF78FFEC820FEF789FE0020FE
:101C3000FEF789FE2520FEF786FE2120FEF783FEB3
:101C40000520FEF780FE0020FEF77DFE0A20FEF74D
:101C50007AFE6520FEF777FE2520FEF774FE7720DA
:101C6000FEF771FE5020FEF76EFE0F20FEF76BFEB2
:101C70000020FEF768FEF820FEF762FE0120FEF766
:101C800062FEFE20FEF75CFE0020FEF75CFE0220F6
:101C9000FEF759FE2020FEF753FE3620FEF750FED9
:101CA0000820FEF750FE00E02AE03A20FEF748FE4A
:101CB0005520FEF748FE2B20FEF742FE0020FEF7DF
:101CC00042FE0020FEF73FFE0120FEF73CFE3F20D3
:101CD000FEF739FE2A20FEF733FE0020FEF733FE22
:101CE0000020FEF730FE0120FEF72DFEDF20FEF77C
:101CF0002AFE782003F05FFC2920FEF721FE4CE746
:101D00000E48808845F21031884240F08487ED20EB
:101D1000FEF716FE0120FEF716FEFE20FEF713FE6C
:101D2000EE20FEF70DFEDE20FEF70DFE2120FEF771
:101D30000AFEF120FEF704FE012009E03C0000202D
:101D4000204C43442049443A25780D0A0000000005
:101D5000FEF7F9FDDF20FEF7F3FD1020FEF7F3FD9F
:101D6000C420FEF7EDFD8F20FEF7EDFDC620FEF747
:101D7000E7FD0020FEF7E7FDE220FEF7E4FDE220AC
:101D8000FEF7E1FDE220FEF7DEFDBF20FEF7D8FD05
:101D9000AA20FEF7D8FDB020FEF7D2FD0D20FEF7F9
:101DA000D2FD0020FEF7CFFD0D20FEF7CCFD002078
:101DB000FEF7C9FD1120FEF7C6FD0020FEF7C3FDAA
:101DC0001920FEF7C0FD0020FEF7BDFD2120FEF723
:101DD000BAFD0020FEF7B7FD2D20FEF7B4FD002070
:101DE000FEF7B1FD3D20FEF7AEFD0020FEF7ABFD96
:101DF0005D20FEF7A8FD0020FEF7A5FD5D20FEF7A3
:101E0000A2FD0020FEF79FFDB120FEF799FD802086
:101E1000FEF799FD0020FEF796FD8B20FEF793FD5F
:101E20000020FEF790FD9620FEF78DFD0020FEF7C6
:101E30008AFDB220FEF784FD0020FEF784FD00201D
:101E4000FEF781FD0220FEF77EFD0020FEF77BFD00
:101E50000320FEF778FD0020FEF775FDB320FEF7A6
:101E60006FFD0020FEF76FFD0020FEF76CFD0020E7
:101E7000FEF769FD0020FEF766FD0020FEF763FD1A
:101E80000020FEF760FD0020FEF75DFD0020FEF75C
:101E90005AFD0020FEF757FD0020FEF754FD0020FC
:101EA000FEF751FD0020FEF74EFD0020FEF74BFD32
:101EB0000020FEF748FD0020FEF745FD0020FEF75C
:101EC00042FD0020FEF73FFD0020FEF73CFD002014
:101ED000FEF739FD0020FEF736FD0020FEF733FD4A
:101EE0000020FEF730FD0020FEF72DFD0020FEF75C
:101EF0002AFDB420FEF724FD8B20FEF724FD0020F0
:101F0000FEF721FD9620FEF71EFD0020FEF71BFDCB
:101F1000A120FEF718FD0020FEF715FDB520FEF705
:101F20000FFD0220FEF70FFD0020FEF70CFD032041
:101F3000FEF709FD0020FEF706FD0420FEF703FD75
:101F40000020FEF700FDB620FEF7FAFC0020FEF7A9
:101F5000FAFC0020FEF7F7FCB720FEF7F1FC0020AA
:101F6000FEF7F1FC0020FEF7EEFC3F20FEF7EBFC55
:101F70000020FEF7E8FC5E20FEF7E5FC0020FEF7FF
:101F8000E2FC6420FEF7DFFC0020FEF7DCFC8C2086
:101F9000FEF7D9FC0020FEF7D6FCAC20FEF7D3FC00
:101FA0000020FEF7D0FCDC20FEF7CDFC0020FEF781
:101FB000CAFC7020FEF7C7FC0020FEF7C4FC90208E
:101FC000FEF7C1FC0020FEF7BEFCEB20FEF7BBFCD9
:101FD0000020FEF7B8FCDC20FEF7B5FC0020FEF781
:101FE000B2FCB820FEF7ACFC0020FEF7ACFC0020F1
:101FF000FEF7A9FC0020FEF7A6FC0020FEF7A3FCDC
:102000000020FEF7A0FC0020FEF79DFC0020FEF75C
:102010009AFC0020FEF797FCBA20FEF791FC2420E2
:10202000FEF791FC0020FEF78EFC0020FEF78BFCF3
:102030000020FEF788FCC120FEF782FC2020FEF77E
:1020400082FC0020FEF77FFC5420FEF77CFC002081
:10205000FEF779FCFF20FEF776FC0020FEF773FC0C
:10206000C220FEF76DFC0A20FEF76DFC0020FEF793
:102070006AFC0420FEF767FC0020FEF764FCC32026
:10208000FEF75EFC3C20FEF75EFC0020FEF75BFCEA
:102090003A20FEF758FC0020FEF755FC3920FEF7E9
:1020A00052FC0020FEF74FFC3720FEF74CFC0020CE
:1020B000FEF749FC3C20FEF746FC0020FEF743FCFF
:1020C0003620FEF740FC0020FEF73DFC3220FEF7F4
:1020D0003AFC0020FEF737FC2F20FEF734FC0020EE
:1020E000FEF731FC2C20FEF72EFC0020FEF72BFC27
:1020F0002920FEF728FC0020FEF725FC2620FEF70D
:1021000022FC0020FEF71FFC2420FEF71CFC002010
:10211000FEF719FC2420FEF716FC0020FEF713FC46
:102120002320FEF710FC0020FEF70DFC3C20FEF7FC
:102130000AFC0020FEF707FC3620FEF704FC002016
:10214000FEF701FC3220FEF7FEFB0020FEF7FBFB52
:102150002F20FEF7F8FB0020FEF7F5FB2C20FEF702
:10216000F2FB0020FEF7EFFB2920FEF7ECFB00203E
:10217000FEF7E9FB2620FEF7E6FB0020FEF7E3FB77
:102180002420FEF7E0FB0020FEF7DDFB2420FEF715
:10219000DAFB0020FEF7D7FB2320FEF7D4FB00205C
:1021A000FEF7D1FBC420FEF7CBFB6220FEF7CBFB92
:1021B0000020FEF7C8FB0520FEF7C5FB0020FEF758
:1021C000C2FB8420FEF7BFFB0020FEF7BCFBF02023
:1021D000FEF7B9FB0020FEF7B6FB1820FEF7B3FBB5
:1021E0000020FEF7B0FBA420FEF7ADFB0020FEF7B9
:1021F000AAFB1820FEF7A7FB0020FEF7A4FB502047
:10220000FEF7A1FB0020FEF79EFB0C20FEF79BFBD8
:102210000020FEF798FB1720FEF795FB0020FEF745
:1022200092FB9520FEF78FFB0020FEF78CFBF3203E
:10223000FEF789FB0020FEF786FBE620FEF783FB16
:102240000020FEF780FBC520FEF77AFB3220FEF768
:102250007AFB0020FEF777FB4420FEF774FB00209A
:10226000FEF771FB6520FEF76EFB0020FEF76BFBAF
:102270007620FEF768FB0020FEF765FB8820FEF75E
:1022800062FB0020FEF75FFBC620FEF759FB202013
:10229000FEF759FB0020FEF756FB1720FEF753FB15
:1022A0000020FEF750FB0120FEF74DFB0020FEF75B
:1022B0004AFBC720FEF744FB0020FEF744FB00204A
:1022C000FEF741FB0020FEF73EFB0020FEF73BFB44
:1022D000C820FEF735FB0020FEF735FB0020FEF797
:1022E00032FB0020FEF72FFB0020FEF72CFBC9205D
:1022F000FEF726FB0020FEF726FB0020FEF723FB5F
:102300000020FEF720FB0020FEF71DFB0020FEF75B
:102310001AFB0020FEF717FB0020FEF714FB00203D
:10232000FEF711FB0020FEF70EFB0020FEF70BFB73
:102330000020FEF708FB0020FEF705FB0020FEF75B
:1023400002FB0020FEF7FFFA0020FEF7FCFA002057
:10235000FEF7F9FAE020FEF7F3FA1620FEF7F3FA9B
:102360000020FEF7F0FA1C20FEF7EDFA0020FEF741
:10237000EAFA2120FEF7E7FA0020FEF7E4FA362019
:10238000FEF7E1FA0020FEF7DEFA4620FEF7DBFA60
:102390000020FEF7D8FA5220FEF7D5FA0020FEF70B
:1023A000D2FA6420FEF7CFFA0020FEF7CCFA7A20AA
:1023B000FEF7C9FA0020FEF7C6FA8B20FEF7C3FA33
:1023C0000020FEF7C0FA9920FEF7BDFA0020FEF7C4
:1023D000BAFAA820FEF7B7FA0020FEF7B4FAB9203F
:1023E000FEF7B1FA0020FEF7AEFAC420FEF7ABFA12
:1023F0000020FEF7A8FACA20FEF7A5FA0020FEF793
:10240000A2FAD220FEF79FFA0020FEF79CFAD9200C
:10241000FEF799FA0020FEF796FAE020FEF793FA0D
:102420000020FEF790FAF320FEF78DFA0020FEF769
:102430008AFAE120FEF784FA1620FEF784FA0020DB
:10244000FEF781FA1C20FEF77EFA0020FEF77BFAE9
:102450002220FEF778FA0020FEF775FA3620FEF704
:1024600072FA0020FEF76FFA4520FEF76CFA0020A2
:10247000FEF769FA5220FEF766FA0020FEF763FACB
:102480006420FEF760FA0020FEF75DFA7A20FEF77E
:102490005AFA0020FEF757FA8B20FEF754FA002074
:1024A000FEF751FA9920FEF74EFA0020FEF74BFA9C
:1024B000A820FEF748FA0020FEF745FAB920FEF7FB
:1024C00042FA0020FEF73FFAC420FEF73CFA002053
:1024D000FEF739FACA20FEF736FA0020FEF733FA83
:1024E000D220FEF730FA0020FEF72DFAD820FEF7B2
:1024F0002AFA0020FEF727FAE020FEF724FA00204F
:10250000FEF721FAF320FEF71EFA0020FEF71BFA71
:10251000E220FEF715FA0520FEF715FA0020FEF777
:1025200012FA0B20FEF70FFA0020FEF70CFA1B2020
:10253000FEF709FA0020FEF706FA3420FEF703FA48
:102540000020FEF700FA4420FEF7FDF90020FEF718
:10255000FAF94F20FEF7F7F90020FEF7F4F96120B1
:10256000FEF7F1F90020FEF7EEF97920FEF7EBF91E
:102570000020FEF7E8F98820FEF7E5F90020FEF7D5
:10258000E2F99720FEF7DFF90020FEF7DCF9A6203C
:10259000FEF7D9F90020FEF7D6F9B720FEF7D3F9F8
:1025A0000020FEF7D0F9C220FEF7CDF90020FEF79B
:1025B000CAF9C720FEF7C7F90020FEF7C4F9D120F9
:1025C000FEF7C1F90020FEF7BEF9D620FEF7BBF9F1
:1025D0000020FEF7B8F9DD20FEF7B5F90020FEF780
:1025E000B2F9F320FEF7AFF90020FEF7ACF9E320D3
:1025F000FEF7A6F90520FEF7A6F90020FEF7A3F9DD
:102600000A20FEF7A0F90020FEF79DF91C20FEF736
:102610009AF90020FEF797F93320FEF794F900208D
:10262000FEF791F94420FEF78EF90020FEF78BF9B2
:102630005020FEF788F90020FEF785F96220FEF7AA
:1026400082F90020FEF77FF97820FEF77CF9002060
:10265000FEF779F98820FEF776F90020FEF773F986
:102660009720FEF770F90020FEF76DF9A620FEF71F
:102670006AF90020FEF767F9B720FEF764F9002039
:10268000FEF761F9C220FEF75EF90020FEF75BF964
:10269000C720FEF758F90020FEF755F9D120FEF7C4
:1026A00052F90020FEF74FF9D520FEF74CF9002033
:1026B000FEF749F9DD20FEF746F90020FEF743F961
:1026C000F320FEF740F90020FEF73DF9E420FEF785
:1026D00037F90120FEF737F90020FEF734F9012021
:1026E000FEF731F90020FEF72EF90220FEF72BF954
:1026F0000020FEF728F92A20FEF725F90020FEF732
:1027000022F93C20FEF71FF90020FEF71CF94B20B0
:10271000FEF719F90020FEF716F95D20FEF713F910
:102720000020FEF710F97420FEF70DF90020FEF7E7
:102730000AF98420FEF707F90020FEF704F9932038
:10274000FEF701F90020FEF7FEF8A220FEF7FBF8E5
:102750000020FEF7F8F8B320FEF7F5F80020FEF7AA
:10276000F2F8BE20FEF7EFF80020FEF7ECF8C420E8
:10277000FEF7E9F80020FEF7E6F8CD20FEF7E3F8D3
:102780000020FEF7E0F8D320FEF7DDF80020FEF78A
:10279000DAF8DD20FEF7D7F80020FEF7D4F8F320B2
:1027A000FEF7D1F80020FEF7CEF8E520FEF7C8F8D6
:1027B0000020FEF7C8F80020FEF7C5F80020FEF75D
:1027C000C2F80020FEF7BFF80220FEF7BCF8002098
:1027D000FEF7B9F82920FEF7B6F80020FEF7B3F8A7
:1027E0003C20FEF7B0F80020FEF7ADF84B20FEF7D6
:1027F000AAF80020FEF7A7F85D20FEF7A4F8002055
:10280000FEF7A1F87420FEF79EF80020FEF79BF873
:102810008420FEF798F80020FEF795F89320FEF745
:1028200092F80020FEF78FF8A220FEF78CF8002027
:10283000FEF789F8B320FEF786F80020FEF783F84C
:10284000BE20FEF780F80020FEF77DF8C420FEF7DA
:102850007AF80020FEF777F8CD20FEF774F8002014
:10286000FEF771F8D320FEF76EF80020FEF76BF844
:10287000DC20FEF768F80020FEF765F8F320FEF78D
:1028800062F80020FEF75FF8E620FEF759F8112005
:10289000FEF759F80020FEF756F83420FEF753F8FB
:1028A0000020FEF750F85620FEF74DF80020FEF706
:1028B0004AF87620FEF747F80020FEF744F8772024
:1028C000FEF741F80020FEF73EF86620FEF73BF8E1
:1028D0000020FEF738F88820FEF735F80020FEF7D4
:1028E00032F89920FEF72FF80020FEF72CF8BB20D5
:1028F000FEF729F80020FEF726F89920FEF723F8C6
:102900000020FEF720F86620FEF71DF80020FEF7F5
:102910001AF85520FEF717F80020FEF714F8552096
:10292000FEF711F80020FEF70EF84520FEF70BF831
:102930000020FEF708F84320FEF705F80020FEF718
:1029400002F84420FDF7FFFF0020FDF7FCFFE72021
:10295000FDF7F6FF3220FDF7F6FF0020FDF7F3FF4D
:102960005520FDF7F0FF0020FDF7EDFF7620FDF785
:10297000EAFF0020FDF7E7FF6620FDF7E4FF0020F7
:10298000FDF7E1FF6720FDF7DEFF0020FDF7DBFF2D
:102990006720FDF7D8FF0020FDF7D5FF8720FDF762
:1029A000D2FF0020FDF7CFFF9920FDF7CCFF0020DC
:1029B000FDF7C9FFBB20FDF7C6FF0020FDF7C3FFF1
:1029C0009920FDF7C0FF0020FDF7BDFF7720FDF740
:1029D000BAFF0020FDF7B7FF4420FDF7B4FF002049
:1029E000FDF7B1FF5620FDF7AEFF0020FDF7ABFF6E
:1029F0002320FDF7A8FF0020FDF7A5FF3320FDF7FA
:102A0000A2FF0020FDF79FFF4520FDF79CFF00205F
:102A1000FDF799FFE820FDF793FF0020FDF793FFF6
:102A20000020FDF790FF9920FDF78DFF0020FDF7B6
:102A30008AFF8720FDF787FF0020FDF784FF8820AD
:102A4000FDF781FF0020FDF77EFF7720FDF77BFF7C
:102A50000020FDF778FF6620FDF775FF0020FDF7E9
:102A600072FF8820FDF76FFF0020FDF76CFFAA20A2
:102A7000FDF769FF0020FDF766FFBB20FDF763FF50
:102A80000020FDF760FF9920FDF75DFF0020FDF7B6
:102A90005AFF6620FDF757FF0020FDF754FF552031
:102AA000FDF751FF0020FDF74EFF5520FDF74BFFCE
:102AB0000020FDF748FF4420FDF745FF0020FDF70B
:102AC00042FF4420FDF73FFF0020FDF73CFF55206B
:102AD000FDF739FF0020FDF736FFE920FDF730FF55
:102AE000AA20FDF730FF0020FDF72DFF0020FDF7A5
:102AF0002AFF0020FDF727FF0020FDF721FFAA2075
:102B0000FDF721FFCF20FDF71BFF0020FDF71BFF86
:102B10000020FDF718FF0020FDF715FF0020FDF74E
:102B200012FF0020FDF70FFF0020FDF70CFF002033
:102B3000FDF709FF0020FDF706FF0020FDF703FF6A
:102B40000020FDF700FF0020FDF7FDFE0020FDF74F
:102B5000FAFE0020FDF7F7FE0020FDF7F4FE00204E
:102B6000FDF7F1FE0020FDF7EEFE0020FDF7EBFE85
:102B7000F020FDF7E5FE0020FDF7E5FE5020FDF713
:102B8000E2FE0020FDF7DFFE0020FDF7DCFE002066
:102B9000FDF7D9FEF320FDF7D3FE0020FDF7D3FEAD
:102BA000F920FDF7CDFE0620FDF7CDFE1020FDF744
:102BB000CAFE2920FDF7C7FE0020FDF7C4FE3A201B
:102BC000FDF7BEFE5520FDF7BEFE1120FDF7B8FE55
:102BD000642002F0F0FC2920FDF7B2FE3520FDF75D
:102BE000AFFE0020FDF7AFFE5120FDF7A9FEFF204C
:102BF000FDF7A9FE5320FDF7A3FE2C20FDF7A3FE51
:102C00005520FDF79DFE8220FDF79DFE2C20FDF74F
:102C100097FE02F0E6B8FE48808845F210518842DF
:102C20007ED155214FF47040FDF799FEAA214FF255
:102C30000100FDF794FE52214FF20200FDF78FFED6
:102C400008214FF20300FDF78AFE01214FF2040034
:102C5000FDF785FE0D214FF43040FDF780FE0D217C
:102C60004BF20100FDF77BFE0D214BF20200FDF758
:102C700076FE34214FF43640FDF771FE34214BF2DD
:102C80000160FDF76CFE34214BF20260FDF767FE38
:102C90000D214FF43140FDF762FE0D214BF2011082
:102CA000FDF75DFE0D214BF20210FDF758FE3421B9
:102CB0004FF43740FDF753FE34214BF20170FDF71E
:102CC0004EFE34214BF20270FDF749FE00214FF415
:102CD0003240FDF744FE00214BF20120FDF73FFE9C
:102CE00000214BF20220FDF73AFE24214FF4384038
:102CF000FDF735FE24214BF60100FDF730FE2421BF
:102D00004BF60200FDF72BFE01214FF43F40FDF78B
:102D100026FE0F214FF43340FDF721FE0F2100E086
:102D2000FEE34BF20130FDF71AFE0F214BF20230A9
:102D3000FDF715FE34214FF43940FDF710FE342124
:102D40004BF60110FDF70BFE34214BF60210FDF798
:102D500006FE08214FF43540FDF701FE08214BF235
:102D60000150FDF7FCFD08214BF20250FDF7F7FD85
:102D700003214FF44240FDF7F2FD24214FF43A4085
:102D8000FDF7EDFD24214BF60120FDF7E8FD2421A0
:102D90004BF60220FDF7E3FD00214FF43C40FDF728
:102DA000DEFD78214BF60140FDF7D9FD00214BF601
:102DB0000240FDF7D4FD00214FF43D40FDF7CFFD6B
:102DC00078214BF60150FDF7CAFD00214BF6025069
:102DD000FDF7C5FD00214FF43E40FDF7C0FD642125
:102DE0004BF60160FDF7BBFD00214FF45140FDF7AC
:102DF000B6FD33214DF20110FDF7B1FD00214DF27A
:102E00000210FDF7ACFD34214DF20310FDF7A7FDD4
:102E100000214DF20410FDF7A2FD3A214DF20510FC
:102E2000FDF79DFD00214DF20610FDF798FD4A21AA
:102E30004DF20710FDF793FD00214DF20810FDF74C
:102E40008EFD5C214DF20910FDF789FD00214DF248
:102E50000A10FDF784FD81214DF20B10FDF77FFD77
:102E600000214DF20C10FDF77AFDA6214DF20D1058
:102E7000FDF775FD00214DF20E10FDF770FDE52107
:102E80004DF20F10FDF76BFD01214DF21010FDF713
:102E900066FD13214DF21110FDF761FD01214DF288
:102EA0001210FDF75CFD54214DF21310FDF757FD94
:102EB00001214DF21410FDF752FD82214DF2151043
:102EC000FDF74DFD01214DF21610FDF748FDCA2119
:102ED0004DF21710FDF743FD02214DF21810FDF7DA
:102EE0003EFD00214DF21910FDF739FD02214DF292
:102EF0001A10FDF734FD01214DF21B10FDF72FFDD7
:102F000002214DF21C10FDF72AFD34214DF21D1057
:102F1000FDF725FD02214DF21E10FDF720FD672172
:102F20004DF21F10FDF71BFD02214DF22010FDF7A1
:102F300016FD84214DF22110FDF711FD02214DF205
:102F40002210FDF70CFDA4214DF22310FDF707FD23
:102F500002214DF22410FDF702FDB7214DF225109C
:102F6000FDF7FDFC02214DF22610FDF7F8FCCF2104
:102F70004DF22710FDF7F3FC02214DF22810FDF76A
:102F8000EEFCDE214DF22910FDF7E9FC02214DF2A5
:102F90002A10FDF7E4FCF2214DF22B10FDF7DFFCC7
:102FA00002214DF22C10FDF7DAFCFE214DF22D101E
:102FB000FDF7D5FC03214DF22E10FDF7D0FC1021BA
:102FC0004DF22F10FDF7CBFC03214DF23010FDF731
:102FD000C6FC33214DF23110FDF7C1FC03214DF247
:102FE0003210FDF7BCFC6D214DF23310FDF7B7FC3C
:102FF00000214FF45240FDF7B2FC33214DF2012085
:10300000FDF7ADFC00214DF20220FDF7A8FC01E028
:103010003C00002034214DF20320FDF7A0FC0021EC
:103020004DF20420FDF79BFC3A214DF20520FDF7FF
:1030300096FC00214DF20620FDF791FC4A214DF24D
:103040000720FDF78CFC00214DF20820FDF787FCDE
:103050005C214DF20920FDF782FC00214DF20A208F
:10306000FDF77DFC81214DF20B20FDF778FC00215E
:103070004DF20C20FDF773FCA6214DF20D20FDF75B
:103080006EFC00214DF20E20FDF769FCE5214DF2AA
:103090000F20FDF764FC01214DF21020FDF75FFCCD
:1030A00013214DF21120FDF75AFC01214DF212209F
:1030B000FDF755FC54214DF21320FDF750FC012182
:1030C0004DF21420FDF74BFC82214DF21520FDF747
:1030D00046FC01214DF21620FDF741FCCA214DF2BC
:1030E0001720FDF73CFC02214DF21820FDF737FCBC
:1030F00000214DF21920FDF732FC02214DF21A2079
:10310000FDF72DFC01214DF21B20FDF728FC0221CB
:103110004DF21C20FDF723FC34214DF21D20FDF75C
:103120001EFC02214DF21E20FDF719FC67214DF215
:103130001F20FDF714FC02214DF22020FDF70FFCAB
:1031400084214DF22120FDF70AFC02214DF22220BC
:10315000FDF705FCA4214DF22320FDF700FC022120
:103160004DF22420FDF7FBFBB7214DF22520FDF7A2
:10317000F6FB02214DF22620FDF7F1FBCF214DF2A7
:103180002720FDF7ECFB02214DF22820FDF7E7FB9D
:10319000DE214DF22920FDF7E2FB02214DF22A202B
:1031A000FDF7DDFBF2214DF22B20FDF7D8FB0221CC
:1031B0004DF22C20FDF7D3FBFE214DF22D20FDF723
:1031C000CEFB03214DF22E20FDF7C9FB10214DF25D
:1031D0002F20FDF7C4FB03214DF23020FDF7BFFB8C
:1031E00033214DF23120FDF7BAFB03214DF232209D
:1031F000FDF7B5FB6D214DF23320FDF7B0FB00214B
:103200004FF45340FDF7ABFB33214DF20130FDF796
:10321000A6FB00214DF20230FDF7A1FB34214DF257
:103220000330FDF79CFB00214DF20430FDF797FBC6
:103230003A214DF20530FDF792FB00214DF20630A8
:10324000FDF78DFB4A214DF20730FDF788FB002189
:103250004DF20830FDF783FB5C214DF20930FDF79C
:103260007EFB00214DF20A30FDF779FB81214DF202
:103270000B30FDF774FB00214DF20C30FDF76FFBB6
:10328000A6214DF20D30FDF76AFB00214DF20E3004
:10329000FDF765FBE5214DF20F30FDF760FB0121E5
:1032A0004DF21030FDF75BFB13214DF21130FDF7AD
:1032B00056FB01214DF21230FDF751FB54214DF226
:1032C0001330FDF74CFB01214DF21430FDF747FBA5
:1032D00082214DF21530FDF742FB01214DF21630EF
:1032E000FDF73DFBCA214DF21730FDF738FB0221F7
:1032F0004DF21830FDF733FB00214DF21930FDF788
:103300002EFB02214DF21A30FDF729FB01214DF26F
:103310001B30FDF724FB02214DF21C30FDF71FFB93
:1033200034214DF21D30FDF71AFB02214DF21E3003
:10333000FDF715FB67214DF21F30FDF710FB022151
:103340004DF22030FDF70BFB84214DF22130FDF7CB
:1033500006FB02214DF22230FDF701FBA4214DF2C4
:103360002330FDF7FCFA02214DF22430FDF7F7FA85
:10337000B7214DF22530FDF7F2FA02214DF2263049
:10338000FDF7EDFACF214DF22730FDF7E8FA0221E3
:103390004DF22830FDF7E3FADE214DF22930FDF73A
:1033A000DEFA02214DF22A30FDF7D9FAF2214DF270
:1033B0002B30FDF7D4FA02214DF22C30FDF7CFFA75
:1033C000FE214DF22D30FDF7CAFA03214DF22E30C9
:1033D000FDF7C5FA10214DF22F30FDF7C0FA032199
:1033E0004DF23030FDF7BBFA33214DF23130FDF7AD
:1033F000B6FA03214DF23230FDF7B1FA6D214DF2EC
:103400003330FDF7ACFA00214FF45440FDF7A7FA32
:1034100033214DF20140FDF7A2FA00214DF20240A6
:10342000FDF79DFA34214DF20340FDF798FA002193
:103430004DF20440FDF793FA3A214DF20540FDF7B5
:103440008EFA00214DF20640FDF789FA4A214DF22D
:103450000740FDF784FA00214DF20840FDF77FFA9E
:103460005C214DF20940FDF77AFA00214DF20A4045
:10347000FDF775FA81214DF20B40FDF770FA00213E
:103480004DF20C40FDF76BFAA6214DF20D40FDF711
:1034900066FA00214DF20E40FDF761FAE5214DF28A
:1034A0000F40FDF75CFA01214DF21040FDF757FA8D
:1034B00013214DF21140FDF752FA01214DF2124055
:1034C000FDF74DFA54214DF21340FDF748FA012162
:1034D0004DF21440FDF743FA82214DF21540FDF7FD
:1034E0003EFA01214DF21640FDF739FACA214DF29C
:1034F0001740FDF734FA02214DF21840FDF72FFA7C
:1035000000214DF21940FDF72AFA02214DF21A402E
:10351000FDF725FA01214DF21B40FDF720FA00E0EE
:1035200004E302214DF21C40FDF719FA34214DF25B
:103530001D40FDF714FA02214DF21E40FDF70FFA6F
:1035400067214DF21F40FDF70AFA02214DF220409B
:10355000FDF705FA84214DF22140FDF700FA022122
:103560004DF22240FDF7FBF9A4214DF22340FDF777
:10357000F6F902214DF22440FDF7F1F9B7214DF2A1
:103580002540FDF7ECF902214DF22640FDF7E7F961
:10359000CF214DF22740FDF7E2F902214DF22840FC
:1035A000FDF7DDF9DE214DF22940FDF7D8F90221C2
:1035B0004DF22A40FDF7D3F9F2214DF22B40FDF7F1
:1035C000CEF902214DF22C40FDF7C9F9FE214DF252
:1035D0002D40FDF7C4F903214DF22E40FDF7BFF950
:1035E00010214DF22F40FDF7BAF903214DF2304082
:1035F000FDF7B5F933214DF23140FDF7B0F9032164
:103600004DF23240FDF7ABF96D214DF23340FDF73D
:10361000A6F900214FF45540FDF7A1F933214DF2F1
:103620000150FDF79CF900214DF20250FDF797F98A
:1036300034214DF20350FDF792F900214DF2045070
:10364000FDF78DF93A214DF20550FDF788F900217B
:103650004DF20650FDF783F94A214DF20750FDF770
:103660007EF900214DF20850FDF779F95C214DF209
:103670000950FDF774F900214DF20A50FDF76FF97A
:1036800081214DF20B50FDF76AF900214DF20C50EB
:10369000FDF765F9A6214DF20D50FDF760F9002107
:1036A0004DF20E50FDF75BF9E5214DF20F50FDF79D
:1036B00056F901214DF21050FDF751F913214DF249
:1036C0001150FDF74CF901214DF21250FDF747F969
:1036D00054214DF21350FDF742F901214DF21450DF
:1036E000FDF73DF982214DF21550FDF738F9012122
:1036F0004DF21650FDF733F9CA214DF21750FDF780
:103700002EF902214DF21850FDF729F900214DF252
:103710001950FDF724F902214DF21A50FDF71FF957
:1037200001214DF21B50FDF71AF902214DF21C50F8
:10373000FDF715F934214DF21D50FDF710F9022166
:103740004DF21E50FDF70BF967214DF21F50FDF7AA
:1037500006F902214DF22050FDF701F984214DF2C6
:103760002150FDF7FCF802214DF22250FDF7F7F849
:10377000A4214DF22350FDF7F2F802214DF224501E
:10378000FDF7EDF8B7214DF22550FDF7E8F80221DD
:103790004DF22650FDF7E3F8CF214DF22750FDF70B
:1037A000DEF802214DF22850FDF7D9F8DE214DF266
:1037B0002950FDF7D4F802214DF22A50FDF7CFF839
:1037C000F2214DF22B50FDF7CAF802214DF22C5098
:1037D000FDF7C5F8FE214DF22D50FDF7C0F803218D
:1037E0004DF22E50FDF7BBF810214DF22F50FDF792
:1037F000B6F803214DF23050FDF7B1F833214DF208
:103800003150FDF7ACF803214DF23250FDF7A7F827
:103810006D214DF23350FDF7A2F800214FF45640D0
:10382000FDF79DF833214DF20160FDF798F8002176
:103830004DF20260FDF793F834214DF20360FDF77D
:103840008EF800214DF20460FDF789F83A214DF21F
:103850000560FDF784F800214DF20660FDF77FF862
:103860004A214DF20760FDF77AF800214DF2086019
:10387000FDF775F85C214DF20960FDF770F8002145
:103880004DF20A60FDF76BF881214DF20B60FDF7F8
:1038900066F800214DF20C60FDF761F8A6214DF2AB
:1038A0000D60FDF75CF800214DF20E60FDF757F852
:1038B000E5214DF20F60FDF752F801214DF2106045
:1038C000FDF74DF813214DF21160FDF748F8012185
:1038D0004DF21260FDF743F854214DF21360FDF7ED
:1038E0003EF801214DF21460FDF739F882214DF2C6
:1038F0001560FDF734F801214DF21660FDF72FF841
:10390000CA214DF21760FDF72AF802214DF2186026
:10391000FDF725F800214DF21960FDF720F802218E
:103920004DF21A60FDF71BF801214DF21B60FDF707
:1039300016F802214DF21C60FDF711F834214DF20A
:103940001D60FDF70CF802214DF21E60FDF707F82F
:1039500067214DF21F60FDF702F802214DF2206051
:10396000FCF7FDFF84214DF22160FCF7F8FF0221F6
:103970004DF22260FCF7F3FFA4214DF22360FCF727
:10398000EEFF02214DF22460FCF7E9FFB7214DF272
:103990002560FCF7E4FF02214DF22660FCF7DFFF13
:1039A000CF214DF22760FCF7DAFF02214DF22860AB
:1039B000FCF7D5FFDE214DF22960FCF7D0FF022194
:1039C0004DF22A60FCF7CBFFF2214DF22B60FCF7A1
:1039D000C6FF02214DF22C60FCF7C1FFFE214DF223
:1039E0002D60FCF7BCFF03214DF22E60FCF7B7FF02
:1039F00010214DF22F60FCF7B2FF03214DF2306031
:103A0000FCF7ADFF33214DF23160FCF7A8FF032135
:103A10004DF23260FCF7A3FF6D214DF23360FCF7ED
:103A20009EFF55214FF47040FCF799FFAA214FF2F9
:103A30000100FCF794FF52214FF20200FCF78FFFC8
:103A400008214FF20300FCF78AFF00214FF2040027
:103A5000FCF785FFCC214FF43140FCF780FF0021BB
:103A60004BF20110FCF77BFF05214FF43640FCF7C9
:103A700076FF70214FF43740FCF771FF70214BF255
:103A80000170FCF76CFF01214FF43840FCF767FF31
:103A900003214BF60100FCF762FF03214BF6020005
:103AA000FCF75DFF03214BF60300FCF758FF0221F2
:103AB0004FF43C40FCF753FF00214BF60140FCF76C
:103AC0004EFF00214BF60240FCF749FFD0214FF496
:103AD0004940FCF744FF02214CF60110FCF73FFF80
:103AE00050214CF60210FCF73AFF50214CF603101F
:103AF000FCF735FF50214CF60410FCF730FF002195
:103B00004FF45450FCF72BFF55214FF46850FCF74D
:103B100026FF4FF48850FCF713FF782001F027FDB3
:103B20004FF42450FCF70CFF01F05BB9FE4880888D
:103B300049F2253188427DD147F6F001E520FCF7B6
:103B40000EFF4FF480710120FCF709FF4FF4E06194
:103B50000220FCF704FF41F230010320FCF7FFFED6
:103B600000210420FCF7FBFE40F202210820FCF7B4
:103B7000F6FE00210920FCF7F2FE00210A20FCF7E6
:103B8000EEFE00210C20FCF7EAFE00210D20FCF7E0
:103B9000E6FE00210F20FCF7E2FE00211020FCF7DA
:103BA000DEFE07211120FCF7DAFE00211220FCF7CF
:103BB000D6FE00211320FCF7D2FE00210720FCF7DF
:103BC000CEFE41F290611020FCF7C9FE40F22721A1
:103BD0001120FCF7C4FE9D211220FCF7C0FE4FF41B
:103BE000C8511320FCF7BBFE25212920FCF7B7FEA6
:103BF0000D212B20FCF7B3FE07213020FCF7AFFE90
:103C000040F203313120FCF7AAFE03213220FCF7F9
:103C1000A6FE40F206213520FCF7A1FE0821362041
:103C2000FCF79DFE40F206413720FCF798FE4FF46A
:103C3000417100E058E03820FCF791FE072139205F
:103C4000FCF78DFE40F202613C20FCF788FE082163
:103C50003D20FCF784FE00215020FCF780FEEF2180
:103C60005120FCF77CFE00215220FCF778FE40F248
:103C70003F115320FCF773FE4FF427416020FCF7FF
:103C80006EFE01216120FCF76AFE00216A20FCF72C
:103C900066FE00218020FCF762FE00218120FCF7F7
:103CA0005EFE00218220FCF75AFE00218320FCF7F3
:103CB00056FE00218420FCF752FE00218520FCF7EF
:103CC0004EFE10219020FCF74AFE4FF4C061922076
:103CD000FCF745FE40F233110720FCF740FE22219D
:103CE0000020FCF73CFE1FE78F48808849F228310E
:103CF00088427DD141F28F01EC20FCF730FE41F289
:103D00003421EF20FCF72BFE4FF480710120FCF7EB
:103D100026FE4FF4E0610220FCF721FE41F2300163
:103D20000320FCF71CFE00210420FCF718FE40F2E3
:103D300002210820FCF713FE00210920FCF70FFEEA
:103D400000210A20FCF70BFE01210C20FCF707FEE6
:103D500000210D20FCF703FE00210F20FCF7FFFDE2
:103D600000211020FCF7FBFD07211120FCF7F7FDD7
:103D700000211220FCF7F3FD00211320FCF7EFFDDA
:103D800001210720FCF7EBFD322001F014FC41F289
:103D900090411020FCF7E3FD40F227211120FCF7B1
:103DA000DEFD322001F007FC8A211220FCF7D7FD4E
:103DB000322001F000FC4FF4D0511320FCF7CFFD6E
:103DC00006212920FCF7CBFD0D212B20FCF7C7FD98
:103DD000322001F0F0FB00212020FCF7C0FD002183
:103DE0002120FCF7BCFD322001F0E5FB002100E0C2
:103DF00075E03020FCF7B3FD40F204613120FCF7A0
:103E0000AEFD40F205313220FCF7A9FD002135203E
:103E1000FCF7A5FD40F609413620FCF7A0FD4FF464
:103E200001713720FCF79BFD40F201313820FCF78F
:103E300096FD40F207713920FCF791FD00213C20EE
:103E4000FCF78DFD40F60A213D20FCF788FD32206D
:103E500001F0B1FB00215020FCF781FDEF21512042
:103E6000FCF77DFD00215220FCF779FD40F23F1167
:103E70005320FCF774FD4FF427416020FCF76FFDE1
:103E800001216120FCF76BFD00216A20FCF767FD32
:103E900000218020FCF763FD00218120FCF75FFDFD
:103EA00000218220FCF75BFD00218320FCF757FDF9
:103EB00000218420FCF753FD00218520FCF74FFDF5
:103EC00010219020FCF74BFD4FF4C0619220FCF7CD
:103ED00046FD40F233110720FCF741FD24E612486D
:103EE000808849F2203188427ED100210846FCF7C3
:103EF00036FD4FF480710120FCF731FD4FF4E06195
:103F00000220FCF72CFD41F230010320FCF727FDD5
:103F100000210420FCF723FD40F202210820FCF7D9
:103F20001EFD0021092001E03C000020FCF717FDE8
:103F300000210A20FCF713FD01210C20FCF70FFDE6
:103F400000210D20FCF70BFD00210F20FCF707FDE1
:103F5000322001F030FB40F201110720FCF7FFFC9A
:103F6000322001F028FB4FF486511020FCF7F7FCBB
:103F700007211120FCF7F3FC4FF488711220FCF7A5
:103F8000EEFC4FF430611320FCF7E9FC00212920FE
:103F9000FCF7E5FC44F210012B20FCF7E0FC0021CB
:103FA0005020FCF7DCFCEF215120FCF7D8FC00216D
:103FB0005220FCF7D4FC40F23F115320FCF7CFFC19
:103FC0004FF41C516020FCF7CAFC01216120FCF772
:103FD000C6FC00216A20FCF7C2FC00218020FCF70F
:103FE000BEFC0021812000E030E0FCF7B8FC00219D
:103FF0008220FCF7B4FC00218320FCF7B0FC0021F8
:104000008420FCF7ACFC00218520FCF7A8FC1021E3
:104010009020FCF7A4FC00219220FCF7A0FC0121D9
:104020009320FCF79CFC4FF488719520FCF797FCDB
:1040300000219720FCF793FC00219820FCF78FFCCF
:1040400040F273110720FCF78AFC6DE5FE4880887A
:1040500049F2313188427DD141F21401E720FCF769
:104060007EFC4FF480710120FCF779FC4FF4007165
:104070000220FCF774FC41F238010320FCF76FFCCE
:1040800040F202210820FCF76AFC00210920FCF71D
:1040900066FC00210A20FCF762FC00210C20FCF7E2
:1040A0005EFC00210D20FCF75AFC00210F20FCF7DC
:1040B00056FC00211020FCF752FC07211120FCF7D0
:1040C0004EFC00211220FCF74AFC00211320FCF7D3
:1040D00046FCC82001F06FFA41F290611020FCF715
:1040E0003EFC40F227211120FCF739FC322001F080
:1040F00062FA0C211220FCF732FC322001F05BFA4C
:104100004FF400611320FCF72AFC11212920FCF751
:1041100026FC0B212B20FCF722FC322001F04BFA6D
:1041200000212020FCF71BFC40F23F112120FCF76E
:1041300016FC00213020FCF712FC4FF48371312073
:10414000FCF70DFC00213220FCF709FC4FF4017153
:10415000352000E064E0FCF702FC41F20A61362001
:10416000FCF7FDFB40F207713720FCF7F8FB4FF43A
:1041700083713820FCF7F3FB40F207713920FCF71C
:10418000EEFB40F202413C20FCF7E9FB40F60F4118
:104190003D20FCF7E4FB00215020FCF7E0FBEF2181
:1041A0005120FCF7DCFB00215220FCF7D8FB40F249
:1041B0003F115320FCF7D3FB4FF41C516020FCF758
:1041C000CEFB01216120FCF7CAFB00216A20FCF72D
:1041D000C6FB00218020FCF7C2FB00218120FCF7F8
:1041E000BEFB00218220FCF7BAFB00218320FCF7F4
:1041F000B6FB00218420FCF7B2FB00218520FCF7F0
:10420000AEFB10219020FCF7AAFB4FF4C061922076
:10421000FCF7A5FB40F233110720FCF7A0FB83E479
:104220008948808845F2084188427DD14FF48071E9
:104230000120FCF794FB4FF4E0610220FCF78FFBB8
:1042400041F230010320FCF78AFB00210420FCF737
:1042500086FB40F207210820FCF781FB00210920A2
:10426000FCF77DFB00210A20FCF779FB00210C20E4
:10427000FCF775FB00210D20FCF771FB00210F20DE
:10428000FCF76DFB142001F096F941F2B0611020AB
:10429000FCF765FB01211120FCF761FB01211720D0
:1042A000FCF75DFB4FF49C711220FCF758FB4FF4B8
:1042B00000611320FCF753FB09212920FCF74FFB79
:1042C00009212A20FCF74BFB0021A420FCF747FB27
:1042D00000215020FCF743FBEF215120FCF73FFB6E
:1042E00000215220FCF73BFB40F23F115320FCF72A
:1042F00036FB4FF41C516020FCF731FB012161209B
:10430000FCF72DFB00216A20FCF729FB002180200F
:10431000FCF725FB00218120FCF721FB00218220F6
:10432000FCF71DFB002100E024E08320FCF717FBD5
:1043300000218420FCF713FB00218520FCF70FFBF4
:1043400013219020FCF70BFB00219220FCF707FBC8
:1043500003219320FCF703FB4FF488719520FCF7B1
:10436000FEFA40F273110720FCF7F9FA322001F04F
:1043700022F9B8E43448808841F2055188427DD161
:1043800000210720FCF7EBFA322001F014F94FF47A
:104390008E711220FCF7E3FA0121A420FCF7DFFA6A
:1043A0000F210820FCF7DBFA08210A20FCF7D7FAD6
:1043B00008210D20FCF7D3FA40F207713020FCF7FA
:1043C000CEFA07213120FCF7CAFA40F2036132200D
:1043D000FCF7C5FA4FF4E0613320FCF7C0FA40F275
:1043E00002213420FCF7BBFA02213520FCF7B7FA92
:1043F00041F60F713620FCF7B2FA40F20771372010
:10440000FCF7ADFA00213820FCF7A9FA0021392089
:10441000FCF7A5FA40F207713A20FCF7A0FA002158
:104420003B20FCF79CFA07213C20FCF798FA00217E
:104430003D20FCF794FA322001F0BDF8012107205D
:10444000FCF78DFA012101E03C0000201720FCF769
:1044500086FA322001F0AFF84FF4BD511020FCF77E
:104460007EFA40F217211120FCF779FA4FF48F7190
:104470001220FCF774FA4FF4706100E098E013200A
:10448000FCF76DFA00212A20FCF769FA0A2129209D
:10449000FCF765FA4FF49F711220FCF760FA0021D7
:1044A0005020FCF75CFAEF215120FCF758FA00216C
:1044B0005220FCF754FA40F23F115320FCF74FFA18
:1044C0004FF41C516020FCF74AFA01216120FCF7EF
:1044D00046FA00216A20FCF742FA00218020FCF70E
:1044E0003EFA00218120FCF73AFA00218220FCF7F5
:1044F00036FA00218320FCF732FA00218420FCF7F1
:104500002EFA00218520FCF72AFA13219020FCF7CF
:1045100026FA4FF440719220FCF721FA05219320EE
:10452000FCF71DFA00219520FCF719FA00219720CD
:10453000FCF715FA00219820FCF711FA4FF480716E
:104540000120FCF70CFA4FF4E0610220FCF707FAB7
:1045500041F238010320FCF702FA00210420FCF7A5
:10456000FEF900210C20FCF7FAF900210F20FCF7DE
:10457000F6F900212020FCF7F2F900212120FCF7B8
:10458000EEF921210720FCF7EAF9142001F013F8D5
:1045900061210720FCF7E3F9142001F00CF840F248
:1045A00073110720FCF7DBF9142001F004F895E4FF
:1045B000FE4880884BF2055188427CD10021084694
:1045C000FCF7CDF900210846FCF7C9F9002108469F
:1045D000FCF7C5F900210846FCF7C1F90121A42028
:1045E000FCF7BDF9142000F0E6FF4FF41C516020E9
:1045F000FCF7B5F940F202210820FCF7B0F94FF4BE
:1046000005713020FCF7ABF943F215713120FCF74E
:10461000A6F940F204613220FCF7A1F940F61661D8
:104620003320FCF79CF942F211213420FCF797F972
:104630004FF4A8513520FCF792F948F20751362083
:10464000FCF78DF941F207413720FCF788F941F278
:1046500003413820FCF783F920213920FCF77FF94A
:104660001A219020FCF77BF900211020FCF777F944
:1046700007211120FCF773F900211220FCF76FF9D4
:1046800000211320FCF76BF9142000F094FF4FF485
:10469000E6611020FCF763F940F237111120FCF7B6
:1046A0005EF9142000F087FF4FF4DC711220FCF754
:1046B00056F9142000E085E000F07DFF4FF47061B2
:1046C0001320FCF74CF980212A20FCF748F94821F7
:1046D0002920FCF744F9142000F06DFF4FF480719D
:1046E0000120FCF73CF94FF4E0610220FCF737F9B8
:1046F00041F238010320FCF732F940F20221082090
:10470000FCF72DF900210A20FCF729F900210C20E3
:10471000FCF725F900210D20FCF721F930210E20AE
:10472000FCF71DF900215020FCF719F9EF21512069
:10473000FCF715F900215220FCF711F940F23F1166
:104740005320FCF70CF94FF41C516020FCF707F9DB
:1047500001216120FCF703F900216A20FCF7FFF832
:1047600011219020FCF7FBF84FF4C0619220FCF778
:10477000F6F840F202419320FCF7F1F80221942070
:10478000FCF7EDF8142000F016FF01210720FCF7DC
:10479000E6F8142000F00FFF61210720FCF7DFF896
:1047A00040F273110720FCF7DAF800212020FCF713
:1047B000D6F800212120FCF7D2F822210020FCF7B6
:1047C000CEF80EE3794880884CF2055188427CD1BE
:1047D00000210846FCF7C3F800210846FCF7BFF8A3
:1047E000142000F0E8FE00210846FCF7B8F800218C
:1047F0000846FCF7B4F800210846FCF7B0F80021A1
:104800000846FCF7ACF80121A420FCF7A8F8142016
:1048100000F0D1FE4FF41C516020FCF7A0F840F6E8
:1048200006010820FCF79BF840F203713020FCF7EA
:1048300096F801213120FCF792F804213220FCF790
:104840008EF84FF481713320FCF789F84FF44071F2
:104850003420FCF784F840F203113520FCF77FF890
:104860001F213620FCF77BF840F203713720FCF75C
:1048700076F801213820FCF772F804213920FCF782
:104880006EF815219020FCF76AF84FF48261102031
:10489000FCF765F840F247211120FCF760F84FF46F
:1048A000DE711220FCF75BF84FF460611320FCF717
:1048B00056F8782000F07FFE4FF480710120FCF75D
:1048C0004EF84FF40071022000E052E0FCF747F888
:1048D00041F230010320FCF742F808210A20FCF7DE
:1048E0003EF800210C20FCF73AF820210E20FCF7BE
:1048F00036F800210F20FCF732F800212020FCF7C9
:104900002EF800212120FCF72AF83D212A20FCF76F
:1049100026F8142000F04FFE2D212920FCF71FF867
:1049200000215020FCF71BF84DF2EF015120FCF75D
:1049300016F800215220FCF712F840F23F115320E4
:10494000FCF70DF800216120FCF709F800216A202E
:10495000FCF705F84FF440719220FCF700F80521B0
:104960009320FBF7FCFF4FF480710720FBF7F7FF64
:1049700037E20E48808844F2315188427ED10121CD
:104980000020FBF7ECFF0A2000F015FE41F2286141
:104990001020FBF7E4FF0E211220FBF7E0FF40F6AA
:1049A00039211320FBF7DBFF0A2001E03C00002047
:1049B00000F001FE40211120FBF7D1FF502115200E
:1049C000FBF7CDFF0A2000F0F6FD1E211220FBF7B9
:1049D000C6FF0A2000F0EFFD4FF4B1511020FBF7A5
:1049E000BEFF42F639211320FBF7B9FF0A2000F081
:1049F000E2FD4FF480710120FBF7B1FF4FF44071ED
:104A00000220FBF7ACFF41F238010320FBF7A7FFC0
:104A100040F202210820FBF7A2FF08210A20FBF741
:104A20009EFF00213020FBF79AFF40F20241312027
:104A3000FBF795FF4FF483713220FBF790FF40F2B4
:104A400003513320FBF78BFF4FF482713420FBF7C7
:104A500086FF40F201313520FBF781FF40F20771FC
:104A60003620FBF77CFF40F205313720FBF777FF5C
:104A70004FF402713820FBF772FF00E03EE040F691
:104A80000B713920FBF76BFF02214120FBF767FF19
:104A90004FF41C516020FBF762FF01216120FBF7FE
:104AA0005EFF4FF404719020FBF759FF4FF48571BE
:104AB0009220FBF754FF04219320FBF750FF4FF4A3
:104AC0008071A020FBF74BFF01210720FBF747FF78
:104AD00021210720FBF743FF23210720FBF73FFF9E
:104AE00033210720FBF73BFF40F233110720FBF790
:104AF00036FF0021A020FBF732FF72E1FA488088E0
:104B000044F2355188427CD130211520FBF727FF34
:104B100010219A20FBF723FF20211120FBF71FFF14
:104B200043F228411020FBF71AFF02211220FBF765
:104B300016FF41F238011320FBF711FF282000F087
:104B40003AFD12210846FBF70AFF282000F033FD4A
:104B500043F220411020FBF702FF43F238011320FB
:104B6000FBF7FDFE462000F026FD00213020FBF77C
:104B7000F6FE40F202413120FBF7F1FE40F2073130
:104B80003220FBF7ECFE4FF441713320FBF7E7FED8
:104B900004213420FBF7E3FE40F201413520FBF70E
:104BA000DEFE40F207713620FBF7D9FE40F20531F8
:104BB0003720FBF7D4FE4FF4C2613820FBF7CFFE5D
:104BC0004FF4C2613920FBF7CAFE4FF48071012017
:104BD000FBF7C5FE4FF440710220FBF7C0FE41F227
:104BE00030010320FBF7BBFE40F608010820FBF76D
:104BF000B6FE08210A20FBF7B2FE4FF41C516020DC
:104C000000E033E0FBF7ABFE01216120FBF7A7FEDC
:104C10004FF49F719020FBF7A2FE4FF48071922019
:104C2000FBF79DFE4FF480719320FBF798FE4FF445
:104C30004051A020FBF793FE1021A320FBF78FFE2D
:104C400001210720FBF78BFE21210720FBF787FEC0
:104C500023210720FBF783FE33210720FBF77FFE8C
:104C600040F233110720FBF77AFEBAE09E488088B5
:104C700041F663118842F8D1E220FBF761FE232060
:104C8000FBF761FE0220FBF75EFE0420FBF75BFEF4
:104C9000642000F06CFCE020FBF752FE0120FBF7E3
:104CA00052FE0A2000F087FCE020FBF749FE0320BB
:104CB000FBF749FE0C2000F07EFC0120FBF740FED4
:104CC0000A2000F078FCE620FBF73AFE0320FBF711
:104CD0003AFEFF20FBF737FEFF20FBF734FEB02043
:104CE000FBF72EFE2020FBF72EFE0020FBF72BFE0D
:104CF0000320FBF728FE40F21F30FBF724FE0120C3
:104D0000FBF721FE40F2DF10FBF71DFE0020FBF752
:104D10001AFEB420FBF714FE0420FBF714FE40F249
:104D20001F40FBF710FE0020FBF70DFED220FBF723
:104D30000AFE0020FBF707FE0020FBF704FE002020
:104D4000FBF701FE0020FBF7FEFDB620FBF7F8FDA8
:104D50000220FBF7F8FD4FF40370FBF7F4FD002091
:104D6000FBF7F1FD2220FBF7EEFD0920FBF7EBFD41
:104D70000020FBF7E8FD0020FBF7E5FDF020FBF746
:104D8000DFFD0320FBF7DFFD2920FBF7D9FDD02055
:104D9000FBF7D6FD0020FBF7D6FDBE20FBF7D0FDCC
:104DA0000520FBF7D0FDFE20FBF7CDFD0120FBF732
:104DB000CAFDFF20FBF7C7FD0020FBF7C4FDB820AC
:104DC000FBF7BEFD0F20FBF7BEFD0120FBF7BBFD8F
:104DD000BA20FBF7B5FD0120FBF7B5FD6420FCF719
:104DE00012FA0020FCF737FA0120404908604FF61C
:104DF000FF70FCF71CFC1FB000BD2DE9FC4F054601
:104E00000E4617469846DDF82C9000200190364853
:104E1000808846F60401884229D1334880790128E8
:104E200025D1AB46354630480088C01B401E86B2AF
:104E300047462D480088A0EB0B00401E1FFA80F863
:104E40000020294988712A2048812B2088814346E7
:104E50003A4631462846CDF80090FFF7CEFF0120B4
:104E6000214988712B2048812A2088811CE0781BE9
:104E7000401C80B20190344614E021462846FBF7DE
:104E80009BFDFBF77CFD4FF0000A06E01848A0F8F8
:104E900000900AF101001FFA80FA01988245F5DBC3
:104EA000601C84B24445E8DDBDE8FC8F2DE9F84F75
:104EB00007460D4690469946DDF828B0A8EB070056
:104EC000401C1FFA80FAA9EB0500401C80B200903C
:104ED00000241BE0281981B23846FBF76DFDFBF773
:104EE0004EFD00260EE000003C00002080812142A3
:104EF0000008006C04FB0A603BF81000F7490880CA
:104F0000701C86B25645F5DB601C84B20098844262
:104F1000E0DBBDE8F88F2DE9FF4F84B081468A467B
:104F20000020039002900698A0EB09050798A0EBDB
:104F30000A06CDF80490CDF800A0002D01DD012770
:104F400005E00DB9002702E04FF0FF376D42002E5B
:104F500002DD4FF0010806E016B94FF0000802E04C
:104F60004FF0FF387642B54201DD2C4600E0344672
:104F70004FF0000B21E0009A91B2019A90B2FCF739
:104F800074F80398284403900298304402900398E0
:104F9000A04205DD0398001B03900198384401905E
:104FA0000298A04205DD0298001B02900098404440
:104FB00000900BF101001FFA80FB601C8345DADDD5
:104FC00008B0BDE8F08FF0B504460D4616461F4602
:104FD0002B46324629462046FFF79DFF3B46224698
:104FE00029462046FFF797FF3B4632463946204682
:104FF000FFF791FF3B46324629463046FFF78BFFCD
:10500000F0BD2DE9F04306460F4690460024454684
:105010000320A0EB48093CE07A1B91B2321990B210
:10502000FCF723F83A1B91B2721990B2FCF71DF805
:105030003A1991B2721990B2FCF717F87A1991B235
:10504000321990B2FCF711F87A1991B2321B90B272
:10505000FCF70BF83A1991B2721B90B2FCF705F805
:105060007A1B91B2321B90B2FBF7FFFF3A1B91B251
:10507000721B90B2FBF7F9FF641CB9F1000F03DA61
:10508000A000801D814404E0601B80000A30814440
:105090006D1EAC42C0DDBDE8F0832DE9F84F8046BF
:1050A0000E4617461C46B3462046E31704EB5373DF
:1050B000DB1021464FEAE47C04EB5C7C4FEAEC0C0D
:1050C000A4EBCC0CBCF1000F02D04FF0010C01E0BE
:1050D0004FF0000C6344224604EBD27C4FEA6C0C88
:1050E00003FB0CF3DBB20093A7F12000C7B200254D
:1050F00056E00C2C07D107EB4700794901EB800003
:1051000010F8059013E0102C05D1764800EB07103D
:1051100010F805900BE0182C07D107EBC700724977
:1051200001EB800010F8059001E0BDE8F88F4FF02A
:10513000000A2FE009F0800030B16C480288314647
:105140004046FBF7A0FF07E00A9828B968480288A4
:1051500031464046FBF797FF4FEA49604FEA106936
:10516000701C86B263484088B04200DCDDE7A6EBE5
:105170000B00A0420AD15E4608F101001FFA80F838
:105180005C480088404500DCCFE706E00AF10100FA
:1051900000F0FF0ABAF1080FCCDB00BF681CC5B2F3
:1051A00000988542A5DB00BFBFE710B5024601208D
:1051B00000E050430B1EA1F10104E1B2F9D110BD92
:1051C0002DE9FF4F81B0074691461E460E9D4FF0D8
:1051D000000A002439E0301B401EC1B20A20FFF74C
:1051E000E4FFB9FBF0F00A21B0FBF1F201FB120879
:1051F000BAF1000F16D1701EA04213DDB8F1000FF6
:105200000ED10020AB4605EBDB71491001FB0471A8
:10521000009088B22B4620220299FFF73EFF12E051
:105220004FF0010A0020AB4605EBDB71491001FB92
:105230000471009088B208F13001CAB22B4602997D
:10524000FFF72BFF00BF601CC4B2B442C3DB05B044
:10525000BDE8F08F2DE9FF4F82B0064692461F460B
:10526000DDE90F480020019000255CE0781B401E1E
:10527000C1B20A20FFF799FFBAFBF0F00A21B0FB98
:10528000F1F201FB12090198B0BB781EA84236DD8D
:10529000B9F1000F31D108F0800078B108F00100B9
:1052A000A34604EBDB71491001FB0561009088B255
:1052B000234630220399FFF7F0FE0EE008F00100CC
:1052C000A34604EBDB71491001FB0561009088B235
:1052D000234620220399FFF7E0FE22E00008006C3D
:1052E000527D0008C6810008B6870008160000201D
:1052F000180000203C00002001E00120019008F08F
:105300000100A34604EBDB71491001FB056100902D
:1053100088B209F13001CAB223460399FFF7BDFEF6
:1053200000BF681CC5B2BD42A0DB06B0BDE8F08F6F
:105330002DE9F84704460D4690469946DDE9096790
:1053400004F0FF0A08EB04001FFA80F809EB0500DF
:105350001FFA80F916E0444502DB5446A81985B2CD
:105360004D4500DB14E0002000903A783346294692
:105370002046FFF792FE304606EBD07104EB610148
:105380008CB27F1C38787E2802DC38782028E2DA5C
:1053900000BFBDE8F887000000B587B001214FF4D9
:1053A000017001F0C9FA4FF4004001F029FA02201F
:1053B000ADF8040000208DF8070001A92E4800F088
:1053C000FFFF2E4800F06EFA002002908DF80C00CE
:1053D0008DF80D004FF4602004900020059001200E
:1053E0008DF8180002A9254800F083FA012123480E
:1053F00000F0ABFA214800F0CAFA00BF1F4800F0E5
:10540000CBFA0028FAD11D4800F0D0FA00BF1B48A3
:1054100000F0D1FA0028FAD107B000BD10B504465B
:10542000072301222146154800F0FBFA0121134809
:1054300000F0CBFA00BF0221104800F037FC002832
:10544000F9D00E4800F054FB10BD2DE9F04107469D
:105450000C460025002608E03846FFF7DFFF05442C
:10546000052000F0A8F8701CC6B2A642F4DBB5FB1C
:10547000F4F080B2BDE8F081000801400024014052
:1054800000B585B00121042001F056FA012148073A
:1054900001F05FFA1020ADF8100000208DF8130025
:1054A00003208DF8120004A9214800F089FF102183
:1054B0001F4801F032F80020009001900290022075
:1054C00003906946002001F0AAFC0121002001F0B0
:1054D000C3FC0021084601F020FD05B000BD2DE908
:1054E000F0470446204602F0D5FA81461149484665
:1054F00002F0D2F981464FF08B41484602F0DEFAC5
:10550000824602F03BF907464FF066320A4B01F043
:105510009FFE054601F06AFE8146484602F09AFA6F
:1055200085B22946002001F0F8FCBDE8F0870000B4
:105530000008014000007A4466660A4010B56FF02A
:10554000040000F090F92E4800682E49B0FBF1F0FD
:105550002D4908700846007800EB4001C1EBC010EF
:105560004FF6FF7101EAC0002849088010BD0146CE
:10557000254A12784A434FF0E0235A6100229A618B
:105580001A46126942F001021A6100BF4FF0E02290
:10559000106900F001021AB100F48032002AF5D03F
:1055A0004FF0E022126922F001024FF0E0231A616D
:1055B00000229A6170470146144A12884A434FF00C
:1055C000E0235A6100229A611A46126942F00102F0
:1055D0001A6100BF4FF0E022106900F001021AB119
:1055E00000F48032002AF5D04FF0E022126922F058
:1055F00001024FF0E0231A6100229A617047000017
:105600000000002000127A001A0000201C00002078
:10561000014600BF704700BF574A128802F040029F
:10562000002AF9D0C2B2544B1B1D1A80704710B526
:1056300086B00446012144F2040001F07DF94FF4E4
:105640000070ADF8140003208DF8160018208DF8B6
:10565000170005A9494800F0B3FE4FF48060ADF88B
:10566000140004208DF8170005A9444800F0A8FE96
:1056700025208DF8000003208DF801008DF8020030
:1056800001208DF80300684600F0A3F80194002083
:10569000ADF80800ADF80A00ADF80C00ADF8100048
:1056A0000C20ADF80E0001A9334801F0ECF90122FD
:1056B00040F22551304801F07EFA01212E4801F0D8
:1056C0006EFA06B010BD10B540F225512A4801F01F
:1056D00057FB10B3284801F0D3FAC4B22848008819
:1056E00000F40040C8B92648008800F4804060B14A
:1056F0000A2C03D000202249088020E0204800889E
:1057000040F400401E49088019E00D2C06D11C48C9
:10571000008840F480401A49088010E0184800884A
:10572000C0F30D0017490C5415480088401C14495B
:10573000088008460088C72801DD0020088010BDC9
:1057400010B5044621460C4801F096FA00BF8021AE
:10575000094801F0FFFA0028F9D010BD70B50546E0
:105760000E46002404E0285DFFF7EAFF601C84B2C7
:10577000B442F8DB70BD0000003801400008014071
:10578000240000204A0000200948804709480047BB
:10579000FEE7FEE7FEE7FEE7FEE7FEE7FEE7FEE7E1
:1057A000FEE7FEE704480549054A064B704700003E
:1057B0000307000831010008780100207807002065
:1057C000780300207803002031490143314A1160F9
:1057D000704770B5002100230F22C47804B32D4C0C
:1057E000246804F4E064C4F5E064210AC1F1040310
:1057F000CA40447804FA03F1847814402143090133
:10580000254C0678A155047804F01F050124AC400E
:1058100005786D11AD0005F1E025C5F8004109E0FE
:10582000047804F01F050124AC401C4D0678761165
:1058300045F8264070BD1A4A0A400243154B1B1F0B
:105840001A60704739B1134A121D12680243114B96
:105850001B1D1A6006E00F4A121D126882430D4B91
:105860001B1D1A607047042808D14FF0E021096918
:1058700041F004014FF0E022116107E04FF0E02118
:10588000096921F004014FF0E02211617047000026
:105890000000FA050CED00E000E400E080E100E02B
:1058A00080FFFF1F10B50446FA48844208D1012149
:1058B000401501F05BF80021601501F057F817E082
:1058C000F548844208D10121001501F04FF800216C
:1058D000201501F04BF80BE0F048844208D101217B
:1058E000C80301F043F800214FF4004001F03EF8F6
:1058F00010BD30B50246002000235068E84C20401F
:105900000D790C6844EA0524204350609068E54C0A
:105910002040D1E902542C434D7944EA4504204308
:105920009060D06A20F470000C7C641EE4B22343C3
:1059300040EA0350D06230BD002101600171417125
:105940008160C16001210174704721B1826842F019
:105950000102826003E0826822F0010282607047E7
:1059600021B1826842F48072826003E0826822F48E
:1059700080728260704710B50023CBB21AB14468C0
:105980001C43446002E044689C43446010BD81684D
:1059900041F0080181607047014600208A6802F0EA
:1059A00008020AB1012000E000207047816841F040
:1059B000040181607047014600208A6802F00402F9
:1059C0000AB1012000E00020704721B1826842F452
:1059D000A002826003E0826822F4A0028260704725
:1059E000014600208A6802F480020AB1012000E02A
:1059F0000020704710B50A4600210023416821F4B9
:105A00006041531E41EA4331416010BD21B14268FB
:105A100042F40062426003E0426822F400624260A5
:105A20007047F0B504460D4600200021092D11DD18
:105A3000E068A5F10A0606EB4607072606FA07F115
:105A40008843A5F10A0606EB460603FA06F1084369
:105A5000E0600CE0206905EB4507072606FA07F130
:105A6000884305EB450603FA06F108432061072A3F
:105A70000FDA606B561E06EB86071F2606FA07F143
:105A80008843561E06EB860605FA06F10843606356
:105A900022E00D2A0FDA206BD61F06EB86071F26A1
:105AA00006FA07F18843D61F06EB860605FA06F1CB
:105AB0000843206310E0E06AA2F10D0606EB8607BA
:105AC0001F2606FA07F18843A2F10D0606EB8606AB
:105AD00005FA06F10843E062F0BD21B1826842F4A4
:105AE0008012826003E0826822F480128260704734
:105AF0000146C86C80B2704766484C3000687047F9
:105B000021B1426842F48062426003E0426822F4BC
:105B100080624260704721B1426842F48052426024
:105B200003E0426822F48052426070470A46002136
:105B3000816821F4E04111438160704721B182689E
:105B400042F40042826003E0826822F400428260F4
:105B5000704721B1826842F40212826003E08268D9
:105B600022F4021282607047014600208A6802F423
:105B700000120AB1012000E000207047F0B5044691
:105B80001546002000220026092911DDE068A1F158
:105B90000A0707EB470C072707FA0CF29043A1F11D
:105BA0000A0707EB470703FA07F21043E0600CE02F
:105BB000206901EB410C072707FA0CF2904301EB37
:105BC000410703FA07F210432061A06BC0F30156AE
:105BD000EF1C06F1010CA7EB0C0707EB870C1F2746
:105BE00007FA0CF29043EF1C06F1010CA7EB0C072F
:105BF00007EB870701FA07F21043A063F0BD10B569
:105C00000A4600210023816B21F44011531E41EA12
:105C10000351816310BD08B5002300930090009BE1
:105C20000B440093009B1A6008BD08B50246002093
:105C30000090009201F12800009B18440090009809
:105C4000006880B208BD0A4600214168164B194021
:105C50001143416070474162826270470A460021E9
:105C6000416821F01F0111434160704740B109496B
:105C70000831096841F40001064A0832116007E062
:105C800004490831096821F40001024A0832116010
:105C9000704700000024014000280140003C014002
:105CA000FFFEF0FFFDF7F1FFFFFD3FFF0246002082
:105CB00013680B400BB1012000E000207047CA437D
:105CC0000260704770B502460020002300240B12CA
:105CD0005568CEB205EA060415681D4015B10CB131
:105CE000012000E0002070BD00220A12D3430360AF
:105CF0007047000030B943F2DB028100A1F1C041DE
:105D00000A6005E043F2D2028100A1F1C0410A60BD
:105D10006FF07042411C8900A1F1C0410A6081000E
:105D2000A1F1C041C1F80421704710280AD11821FF
:105D30004FF020421166402151664FF0FC319166D0
:105D4000D16610E01821F74A116040214FF020423F
:105D5000C2F884104FF0FC31F24A083211604FF063
:105D60002042C2F88C1070471820EE49203108609C
:105D700000200906C1F8A4004FF0FC30E9492831A1
:105D80000860091D0860091D08607047D0E901120C
:105D90001143C26811430269114342691143826988
:105DA0001143C2691143026A1143426A1143826A74
:105DB0001143C26A1143026B114302689200A2F1BF
:105DC000C0421160816808290BD101688900A1F1E6
:105DD000C041096841F0400201688900A1F1C04159
:105DE0000A60416B0968426B526841EA0211426BDA
:105DF000926841EA0221426B928941EA0241426B78
:105E0000128A41EA0251426B127D41EA0261426B01
:105E1000926911430268521C9200A2F1C0421160C3
:105E2000C16AB1F5804F1BD1816B0968826B5268E2
:105E300041EA0211826B926841EA0221826B128A66
:105E400041EA0251826B127D41EA0261826B9269E2
:105E5000114302689200A2F1C042C2F8041107E0A7
:105E60006FF0704201688900A1F1C041C1F80421BE
:105E7000704730B5002100220023446844F0080434
:105E800085682C43C5682C4305692C43456944EA61
:105E90004524856944EA4531C4692468C5696D684B
:105EA00044EA0524C5692D8944EA0544C5692D7B6A
:105EB00044EA0562046A2468056A6D6844EA0524B8
:105EC000056A2D8944EA0544056A2D7B44EA056389
:105ED0000468102C05D14FF020442166A266E366C9
:105EE00008E0904C21604FF02044C4F888208D4C8D
:105EF0000C34236030BD016841F01001426841EA72
:105F00004221826841EA4231864A20321160C168EA
:105F10000968C268526841EA0221C268128941EAEE
:105F20000241C268127B41EA02617E4A2832116056
:105F3000016909680269526841EA0221026912890D
:105F400041EA02410269127B41EA0261754A2C3240
:105F50001160416909684269526841EA0221426957
:105F6000128941EA02414269127B41EA02614FF023
:105F70002042C2F8B0107047002101600221416048
:105F800000218160C160016141618161C161016283
:105F90004FF480514162490081620021C162016376
:105FA0000F21426B1160426B5160FF21426B916087
:105FB0000F21426BD160426B1161426B5161002134
:105FC000426B91610F21826B1160826B5160FF21E6
:105FD000826B91600F21826BD160826B1161826B49
:105FE00051610021826B9161704710210160002195
:105FF00041608160C160016141618161FC21C269D0
:106000001160C2695160C2699160C269D160026A5F
:106010001160026A5160026A9160026AD160704741
:106020000021016041608160FC21C2681160C2688A
:106030005160C2689160C268D160026911600269F2
:106040005160026991600269D160426911604269E0
:106050005160426991604269D160704751B18200DC
:10606000A2F1C042126842F001038200A2F1C042D4
:10607000136009E08200A2F1C04212682A4B1A4064
:106080008300A3F1C0431A60704799B1102808D16A
:106090004FF02042126E42F004024FF020431A6685
:1060A0001DE0204A126842F004024FF02043C3F87A
:1060B000802014E0102809D14FF02042126E1A4BB4
:1060C000DB1E1A404FF020431A6608E0154A12689A
:1060D000154BDB1E1A404FF02043C3F88020704759
:1060E00048B110492031096841F004014FF02042C5
:1060F000C2F8A01009E00B49203109680A4AD21EF3
:1061000011404FF02042C2F8A0107047B9B11028DA
:106110000CD14FF02042126E42F040024FF020436B
:106120001A661FE0800000A0FEFF0F00724A12688E
:1061300042F040024FF02043C3F8802012E01028C4
:1061400008D14FF02042126E6C4B1A404FF02043A2
:106150001A6607E0684A1268684B1A404FF02043FD
:10616000C3F88020704701460020102903D14FF06A
:106170002042506F02E0604A14321068704710B538
:10618000F2B1102807D14FF020435B6E0B434FF064
:106190002044636632E0B0F5807F08D1564B1B1D6A
:1061A0001B680B434FF02044C4F8843026E0524B68
:1061B00024331B680B434FF02044C4F8A4301DE087
:1061C000102807D14FF020435B6E8B434FF02044E3
:1061D000636613E0B0F5807F08D1474B1B1D1B6839
:1061E0008B434FF02044C4F8843007E0424B243303
:1061F0001B688B434FF02044C4F8A43010BD10B589
:10620000024600200023102A03D14FF02044636E81
:1062100009E0B2F5807F03D1374C241D236802E0EA
:10622000354C2434236803EA01040CB1012000E05A
:10623000002010BD102807D14FF02042526E8A4333
:106240004FF020435A6613E0B0F5807F08D12A4A08
:10625000121D12688A434FF02043C3F8842007E0E0
:10626000254A243212688A434FF02043C3F8A42001
:10627000704770B502460020002300240025102A34
:1062800003D14FF02046736E09E0B2F5807F03D151
:10629000194E361D336802E0174E2436336803EA80
:1062A000010403EAD10514B10DB1012000E0002082
:1062B00070BD102808D14FF02042526E22EAD10260
:1062C0004FF020435A6615E0B0F5807F09D10A4AA5
:1062D000121D126822EAD1024FF02043C3F8842035
:1062E00008E0054A2432126822EAD1024FF0204326
:1062F000C3F8A42070470000800000A0BFFF0F007B
:1063000010B50446CC48844208D10121042000F095
:106310002DFB0021042000F029FB46E0C748844201
:1063200008D10121082000F021FB0021082000F005
:106330001DFB3AE0C248844208D10121102000F040
:1063400015FB0021102000F011FB2EE0BD48844217
:1063500008D10121202000F009FB0021202000F0BD
:1063600005FB22E0B848844208D10121402000F01A
:10637000FDFA0021402000F0F9FA16E0B34884420B
:1063800008D10121802000F0F1FA0021802000F0E6
:10639000EDFA0AE0AE48844207D10121801500F0F1
:1063A000E5FA0021A01500F0E1FA10BD10B50121B9
:1063B000084600F0DBFA0021012000F0D7FA10BDFA
:1063C0002DE9F0410246002500260020002300248C
:1063D000002791F803C00CF00F0591F803C00CF0F2
:1063E000100CBCF1000F03D091F802C04CEA050577
:1063F00091F800C0BCF1000F31D0146800202BE0F0
:106400004FF0010C0CFA00F3B1F800C00CEA0306DF
:106410009E4220D183004FF00F0C0CFA03F7BC43CF
:1064200005FA03FC4CEA040491F803C0BCF1280F00
:1064300006D14FF0010C0CFA00FCC2F814C00AE0BF
:1064400091F803C0BCF1480F05D14FF0010C0CFAD4
:1064500000FCC2F810C0401C0828D1D31460B1F869
:1064600000C0BCF1FF0F34DD546800202EE000F1C5
:10647000080C4FF0010808FA0CF3B1F800C00CEA60
:1064800003069E4221D183004FF00F0C0CFA03F754
:10649000BC4305FA03FC4CEA040491F803C0BCF1C8
:1064A000280F05D100F1080C08FA0CF8C2F8148086
:1064B00091F803C0BCF1480F07D100F1080C4FF070
:1064C000010808FA0CF8C2F81080401C0828CED346
:1064D0005460BDE8F0814FF6FF71018002218170A8
:1064E0000421C17070470246002093680B400BB135
:1064F000012000E0002070470146886880B27047A4
:1065000002460020D3680B400BB1012000E00020C0
:1065100070470146C86880B27047016170474161A9
:1065200070470AB1016100E041617047C160704786
:106530004FF480320A43826181618261826982699B
:10654000704702460020434B18684FF6807318408E
:1065500040EA021008433F4B186070473E49C8614B
:106560007047F0B50A46002300240021002500F002
:106570000046B6F1004F02D1364EF16901E0354ECA
:106580007168C0F3034583B200F44016B6F5401FAE
:1065900008D121F070612F4E766826F070662D4F7D
:1065A0007E6012E000F48016B6F5801F06D1032647
:1065B00006FA05F4A14341F0706106E0460D36018C
:1065C00003FA06F6B14341F0706122B1460D36017F
:1065D00003FA06F6314300F00046B6F1004F02D14F
:1065E0001C4EF16101E01B4E7160F0BD30B5002220
:1065F0008B071C0F0F2303FA04F2164B08338C1081
:1066000053F824309343134C08348D1044F825304C
:1066100023468C1053F824308C07240F00FA04F41E
:1066200023430C4C08348D1044F8253030BD0A4902
:10663000DC3108607047000000080140000C014098
:10664000001001400014014000180140001C0140EE
:10665000002001400000014000002042DF480068A7
:1066600040F00100DD49086008464068DC49084008
:10667000DA49486008460068DA490840D7490860A6
:106680000846006820F4802008600846406820F42E
:10669000FE0048604FF41F0088607047CF490968CA
:1066A00021F48031CD4A11601146096821F480211E
:1066B0001160B0F5803F03D0B0F5802F0ED106E019
:1066C000C649096841F48031C44A116007E0C349F2
:1066D000096841F4A021C14A116000E000BF00BF79
:1066E000704710B501460022002300204A11012AFC
:1066F00002D1BA4C236806E0022A02D1B74C236AC1
:1067000001E0B64C636A01F01F02012494401C4072
:106710000CB1012000E0002010BD38B50020009031
:106720000024002500BF3120FFF7DBFF054600985D
:10673000401C00900098B0F5A06F01D0002DF2D061
:106740003120FFF7CEFF08B1012400E000242046ED
:1067500038BD01460020A14A106820F0F80040EA48
:10676000C10010607047A0490860704702460020D1
:106770009A4B586820F47C1042EA01031843974B67
:106780005860704798490866704701460020934A50
:10679000506820F003000843506070478F484068FD
:1067A00000F00C007047014600208C4A506820F031
:1067B000F00008435060704701460020874A506847
:1067C00020F4E06008435060704701460020834A8F
:1067D000506820F4605040EAC1005060704729B111
:1067E0007E4A527A02437D4B5A7204E07B4A527AC7
:1067F00082437A4B5A7270477B49D83108607047A0
:1068000001460020754A506820F44040084350601B
:1068100070470021714A20321170704A82F82010AE
:10682000012802D004280AD104E001216B4A203259
:10683000117005E00521694A2032117000E000BFA7
:1068400000BF70476949086070476449096A01439D
:10685000624A11627047654944390860704730B533
:1068600000210022002400235C4D6D6805F00C011E
:1068700021B1042905D0082923D105E05C4D05602C
:1068800022E05B4D05601FE0544D6D6805F4701209
:10689000524D6D6805F48034022505EB92421CB917
:1068A000544D554305600BE04C4D6D6805F40035C3
:1068B0001DB1504D5543056002E04D4D55430560F7
:1068C00002E04B4D056000BF00BF444D6D6805F010
:1068D000F0010909484D6B5C0568DD4045603F4D9E
:1068E0006D6805F4E061090A434D6B5C4568DD4065
:1068F00085603A4D6D6805F46051C90A3E4D6B5C88
:106900004568DD40C560354D6D6805F44041890B33
:106910003A4D6B5CC568B5FBF3F5056130BD29B137
:106920002E4A526902432D4B5A6104E02B4A5269A8
:1069300082432A4B5A61704729B1284A926902431F
:10694000264B9A6104E0254A92698243234B9A615F
:10695000704729B1214AD2690243204BDA6104E031
:106960001E4AD26982431D4BDA61704729B11B4A26
:10697000D2680243194BDA6004E0184AD2688243B5
:10698000164BDA60704729B1144A12690243134B5F
:106990001A6104E0114A12698243104B1A61704770
:1069A00012494039086070470F49C86470470B4965
:1069B000C87170470948406A40F0807007494862D2
:1069C000704701460020054A92680A400AB101203A
:1069D00000E00020704701498872704700100240B3
:1069E0000000FFF8FFFFF6FE000042428004424232
:1069F00000127A0000093D00260000203600002029
:106A000010B50446FB48844209D101218803FFF7F1
:106A1000ADFF00214FF48040FFF7A8FF32E0F648B9
:106A2000844209D101214804FFF7ADFF00214FF452
:106A30000030FFF7A8FF25E0F048844209D101218A
:106A40008804FFF7A0FF00214FF48020FFF79BFF91
:106A500018E0EB48844209D10121C804FFF793FFF5
:106A600000214FF40020FFF78EFF0BE0E548844241
:106A700008D101210805FFF786FF00214FF480109F
:106A8000FFF781FF10BD2DE9F04786B005460E46A1
:106A90000024A24600BFA1460027B08900B100BF74
:106AA0002F462C8A4CF6FF700440F08804432C8259
:106AB000AC894EF6F3100440B088318908437189DF
:106AC00008430443AC81AC8A4FF6FF400440B089D0
:106AD0000443AC8201A8FFF7C2FEC648874202D138
:106AE000DDF810A001E0DDF80CA0A88900F400405A
:106AF00040B10AEBCA0000EB0A1031684900B0FB54
:106B0000F1F807E00AEBCA0000EB0A1031688900CF
:106B1000B0FBF1F86420B8FBF0F004012009642117
:106B200001FB1089A88900F4004040B1322000EB3D
:106B3000C900B0FBF1F000F00700044308E0322088
:106B400000EB09106421B0FBF1F000F00F000443EA
:106B50002C8106B0BDE8F0874FF41651016000218A
:106B60008180C18001810C21418100218181704798
:106B700010B502460020108A4FF2FF0318400B8820
:106B80004C8823438C882343CC88234318431082AA
:106B900010BD0021018041808180C180704721B1FA
:106BA000828942F40052828104E082894DF6FF73AB
:106BB0001A4082817047F0B5034600240026002564
:106BC000002040F66A17B94200D100BF1846C1F351
:106BD000421401F01F06012707FA06F5012C01D126
:106BE0000C3004E0022C01D1103000E014301AB156
:106BF00007682F43076002E00768AF430760F0BDF6
:106C00001AB1838A0B43838202E0838A8B43838297
:106C10007047028A4FF6F0731A400282028A0A43D2
:106C20000282704782894FF2FF731A408281828903
:106C30000A438281704721B1828942F00202828137
:106C400004E082894FF6FD731A4082817047028A00
:106C50004FF6DF731A400282028A0A4302827047AB
:106C600021B1028A42F48042028204E0028A4BF699
:106C7000FF731A4002827047C1F308028280704796
:106C800001468888C0F308007047818941F00101FE
:106C900081817047028BD2B20283028B42EA0122C9
:106CA00002837047028B02F47F420283028B0A4305
:106CB0000283704721B1828A42F02002828204E07E
:106CC000828A4FF6DF731A408282704721B1828A2E
:106CD00042F01002828204E0828A4FF6EF731A407B
:106CE0008282704721B1828A42F00802828204E0E7
:106CF000828A4FF6F7731A408282704721B18289E7
:106D000042F40042828103E08289C2F30E02828152
:106D1000704721B1828A42F40062828204E0828A52
:106D20004FF2FF731A4082827047828A4FF6FB73DC
:106D30001A408282828A0A438282704721B1828A03
:106D400042F00202828204E0828A4FF6FD731A400A
:106D50008282704702460020B1F5007F00D100BF5B
:106D600013880B400BB1012000E00020704701F4B4
:106D70000072B2F5007F00D100BFCA4302807047A5
:106D800070B50246002400230025002040F66A1654
:106D9000B14200D100BFC1F3421501F01F0301262B
:106DA00006FA03F3012D02D19689334006E0022D45
:106DB00002D1168A334001E0968A33400C12012634
:106DC00006FA04F41688344013B10CB1012000E037
:106DD000002070BD10B50022002340F66A14A142C5
:106DE00000D100BF0A1201249440A3B2DC43048006
:106DF00010BD000000380140004400400048004041
:106E0000004C00400050004010B501214807FFF73A
:106E1000BAFD00214FF00050FFF7B5FD10BD30B5B1
:106E2000002200235A4C226840F6FE748440A2439C
:106E3000D1E900452C438D682C43CD6844EA050315
:106E400003FA00F42243524C226030BD002101605D
:106E500041608160C160704739B14D4A12680123B9
:106E600083401A434A4B1A6006E0494A12680123DC
:106E700083409A43464B1A60704741B1444A1268B6
:106E80004FF4805383401A43414B1A6007E0404A55
:106E900012684FF4805383409A433D4B1A60704709
:106EA00010B551B13A4A121D126804090123A340DA
:106EB0001A43374B1B1D1A6009E0354A121D126830
:106EC00004090123A3409A43314B1B1D1A6010BDD6
:106ED00040B12F49091D096841F003012C4A121DD8
:106EE000116007E02A49091D096821F00301284AB9
:106EF000121D1160704710B53AB1254B1B6801FA9D
:106F000000F42343224C236006E0214B1B6801FA66
:106F100000F4A3431E4C236010BD08B5002200926C
:106F20001B4A009200F10802009B1A440092009A4A
:106F3000116008BD08B500220092154A009200F1C8
:106F40001402009B1A440092009A116008BD30B5EB
:106F500000240023082802D142EA012401E042EA89
:106F600001440B4B00F120052B441C6030BD08B5DB
:106F7000014600200090064800902C2000EB910074
:106F8000009A104400900098006880B208BD00008C
:106F900000740040704700000FB4044910B503AA04
:106FA000029800F0C3F810BC5DF814FB200000202C
:106FB0002DE9F0410E460446002020622046E1689B
:106FC000884730B3252805D0D4E901219047206AAD
:106FD000401CF2E7E168204600278847050018D0EA
:106FE000A5F14100192802D820354FF40067324638
:106FF000294620462760F9F7D5F840B1012804D08A
:10700000F61D26F007060836D8E7361DD6E72846CF
:10701000DAE7206ABDE8F08170B504460D462146E6
:107020001068AFF300802188090502D50F4A7A4421
:1070300002E00E4A7A440E32002104F1240305E0F6
:1070400000F00F060009965D5E54491C0028F7D138
:1070500020780023000704D5702D02D009B1022347
:1070600011322046BDE8704000F006B8E024000070
:1070700070477047704770472DE9F0470D469946B5
:107080009246044600F124080168880604D5E069A8
:1070900021F01001216000E00120A84201DD471B22
:1070A00000E00027A1697A1902EB0900081AA06123
:1070B0002078C00602D42046AFF30080002608E006
:1070C000D4E901211AF806009047206A401C761C7A
:1070D00020624E45F4DB2078C0060AD52046AFF387
:1070E000008006E0D4E9012130209047206A401C4E
:1070F0002062381EA7F10107F4DC07E0D4E9012182
:1071000018F805009047206A401C2062281EA5F14F
:107110000105F3DC2046AFF300802078000602D59D
:107120000220BDE8F0870120FBE70000074B70B5A7
:107130000D467B4400F011F80446284600F020F884
:1071400010B14FF0FF3070BD204670BDE1E4FFFF8D
:1071500001694A1C02610878704700B58FB0CDE91B
:1071600001310021059105497944CDE9031011460B
:107170006846FFF71DFF0FB000BD0000E5FFFFFFF1
:10718000007B00F080007047754600F02BF8AE469B
:1071900005006946534620F00700854618B020B523
:1071A000FEF700FBBDE820404FF000064FF000075F
:1071B0004FF000084FF0000B21F00701AC46ACE89F
:1071C000C009ACE8C009ACE8C009ACE8C0098D460C
:1071D000704710B50446AFF300802046BDE810406C
:1071E000F8F7F2BF004870471401002021F0004278
:1071F000A2F16052B2F5801F01F0004328BFD2F126
:107200007F6C0BD95FEA001C43EAC20242EB50706C
:1072100018BF704728BF20F001007047B2F5801FEB
:10722000BCBF184670474FEA410C1CF5001F02D244
:10723000084600F00ABD70B500F04CFA0000008965
:10724000FFF7F6BF4FF00040A0F580007047000048
:107250002DE9C04130B4DFF8A0C23CEA111418BFD8
:107260003CEA131400F0EC8081EA03051CEA1114D7
:1072700044EAD57418BF1CEA131500F0C780A4EBCC
:1072800005044FF0004545EAC12145EAC32341EA20
:10729000505143EA525304F17F74994204F500348B
:1072A0004FEAC0204FEAC22208BF904200F09C8003
:1072B0004FEA13650FF24016765D4FEA134506FB61
:1072C00005F7C7F1807706FB07F74FEAD737A7FB2B
:1072D00003687642C8F58038A7FB06CE38BFA8F110
:1072E000010807FB08E64FF0000EA6FB028CE6FB48
:1072F00003CEDCF1000CCEF1004E38BFAEF1010E32
:10730000A6FB0C584FF000074FF00005E6FB0E8778
:10731000A1FB08C6A0FB07CE16EB0E0645F1000543
:10732000E1FB076515F1E04E7EBFA4F580345FEA0E
:1073300046066D4116F1800745F100054FEA172713
:107340004FEA066647EA0567A6F1DE46B6F1805FBA
:107350004FEA15251FD9384624F0010C05EBC471FE
:10736000BCF1FE6F01EB0C1102D8F0BCBDE800814E
:1073700024425CBF01F5801E9EEAC47F02D4F0BCAB
:10738000BDE80081244238D4F0BCA1F1C041BDE881
:10739000004100F0EDB94FEAD22242EA43524FEAEF
:1073A000D323A7FB02864FEAD02040EA415007FBD7
:1073B00003661EEA0E0F4FEAD12105FB026658BF95
:1073C000A6EB0056B6EB00564FEA520E4EEAC37ECD
:1073D00018EB0E0E56EB530EBDD518EB02085E41AE
:1073E0007F1C55F10005B6E74FF480154FF00007FC
:1073F0004FF000064FF00008ADE7F0BC4FF0000082
:1074000001F1C04101F00041BDE8008111EA0C1F0B
:107410000CEA131500D00CE013EA0C1F00F02580D5
:107420004FF00000F0BC81EA030101F00041BDE82B
:107430000081F0BCBDE8004181EA030100F098B989
:10744000F0BCBDE8004170B500F044F9097EFC3E97
:1074500000F007B881EA03014FF0000001F000419D
:10746000704781EA030100F083B9F0BCBDE8004138
:107470004FF0000021497047FFFDFBF9F7F5F4F2EA
:10748000F0EEEDEBE9E8E6E4E3E1E0DEDDDBDAD8BF
:10749000D7D5D4D3D1D0CFCDCCCBCAC8C7C6C5C41D
:1074A000C2C1C0BFBEBDBCBBBAB9B8B7B6B5B4B334
:1074B000B2B1B0AFAEADACABAAA9A8A8A7A6A5A41F
:1074C000A3A3A2A1A09F9F9E9D9C9C9B9A999998E3
:1074D0009797969595949393929191908F8F8E8E86
:1074E0008D8C8C8B8B8A8989888887878685858413
:1074F00084838382828181800000FF070000F87FFF
:107500004FEA1153A3F58063D3F11E03A8BFD3F153
:10751000200C08DB4FF0004242EAC12252EA5052EE
:1075200032FA03F0704709420BD4102BC4BF00207D
:10753000704703F5787CBCF1FF3F05D04FF0FF307A
:1075400070474FF00000704770B500F0C3F800BFFF
:107550004992248000207047F0E7B0FA80F310FAD7
:1075600003F10AD0C3F11D0303F580634FEA4150D4
:107570004FEA035202EBD12170474FF000007047F1
:10758000DFF848C170B51CEA111E1EBF1CEA1315B6
:107590009EEA0C0F95EA0C0F00F06F8081EA03045D
:1075A00023EA4C134EEAD47E21EA4C1141F48011B7
:1075B00043F48013AE44A1FB024CA0FB0365AEF183
:1075C0007F7E361955EB0C05A1FB034C4CF10003F3
:1075D000A0FB021C16EB0C06654153F100030942A7
:1075E00018BF46F0010613F4007F0BD14FEA0331B8
:1075F0004FEA0530340341EA155140EA16506FF066
:1076000003020AE04FEAC3214FEAC520F40241EA2F
:10761000555140EA56506FF0020202EB2E4201EB48
:10762000025585EACE710AD05FEA440C18BF24F0F7
:10763000004450F1000041F1000120EAD47040F212
:10764000FE7C624500D270BDA84214BF4FF080445A
:107650004FF04044002E08BF0024BEF1806FA8BF49
:10766000A1F1C041BDE8704080F282804FF000007F
:1076700001F1C04101F0004170479EEA0C0F0CEA95
:10768000131518BF95EA0C0F06D04FF0000081EAE1
:10769000030E0EF0004170BD00F01CF88900013EA1
:1076A00000F007B800F009B84FEA430C5FEA5C5CF1
:1076B00008D081EA030100F05BB84FEA410C5FEAB1
:1076C0005C5CF6D14FF00000014970470000FF07F5
:1076D0000000F87F0EF1020E2EF0030E5EF8046B30
:1076E000364205D4012A43EB030515F5001F12D8D5
:1076F000012841EB010C1CF5001F0CD80ED14FEAFC
:10770000D17C15F5001F0CEB4C0C0CF1020C08BFE2
:107710004CEBD37C04E04FF0080C01E04FEAD37C43
:107720000CEB4C0526FA05F606F00706B6F1040C3C
:1077300006D20EEB860CBDE870404CF0010C6047A1
:10774000DFE80CF0090B02024FF000414FF000009F
:10775000A1F5002170BD19461046012851EB010426
:1077600018BFD4F5001484BF002001F0004170BDA3
:107770000808A0F500114FEA3101704743004FEAB5
:10778000D30C4FEA3C0C43401FBF40070CF1605143
:1077900013F0FE4F70471CF0006F03D100200CF077
:1077A000004170470CF0004343EA507010B540EAC6
:1077B000CC0000F004FA00BF000000924FEA000184
:1077C000FFF7D6BF4FF000414FF00000A1F50021B8
:1077D0007047000090EA010F48BF81F0004100F1BE
:1077E0004A82421A3CBF801A89184FEAD0524FF0A1
:1077F0007F4C1CEA410FA2EBD15318BF9CEA026FE9
:1078000000F03B804FF0004C4CEA00204CEA012194
:1078100021FA03FC10EB0C0C1ED202F1FF325FEADE
:107820001C2040EBC25038BF70471CF07F0F4FEA5E
:10783000400C18BFBCF17F4F38BF7047C3F1200325
:10784000994008BF20F00100BCF17F4F38BF70475E
:10785000A0F1C04000F0F9B94FEA3C00000A40EB4B
:10786000C25028BF1CF0FF0F4FEA400CE6D018BFF3
:10787000BCF17F4F38BF7047EAE79CEA026F05D042
:1078800010EA5C0F08BF00F00040704710B500F030
:1078900096F900BF64FBBE3E4FF47F0C1CEAD01289
:1078A0001EBF1CEAD11392EA0C0F93EA0C0F00F0F2
:1078B000858090EA010F48BF42F4807240F4000CCA
:1078C00041F400002CF07F4120F07F4000B5814260
:1078D000A2EB03020FF2081CACEB504EC0F100000B
:1078E0009EF800E04FEA4E0E00FB0EFC38BF490048
:1078F0004FEA2C1C02F5FA020CFB0EF34FEACE1EE7
:107900004FEA112C4FEAC1210EEB635E42EB22429B
:107910000EFB0CFC4FEA1C5300FB03114FEA112C29
:107920004FEA01310EFB0CFC4FEADC4C00FB0C1162
:10793000C14228BF09184CEB03335DF804EB10EB90
:10794000410143EBC250B2F57C0F38BF704729D5D7
:1079500012F0F00F1CBF00F1C04000F00040704773
:10796000008182838485868788898B8C8D8E8F9118
:107970009293959697999A9C9D9FA0A2A3A5A7A83C
:10798000AAACAEB0B2B3B5B7B9BCBEC0C2C5C7C968
:10799000CCCED1D4D7D9DCDFE2E6E9ECF0F3F7FACC
:1079A000FE0000004FEA400C0CF1807CBCF17E4FE1
:1079B00028BF7047B0F1C04000F047B990EA010F0E
:1079C0000CEAD11348BF42F48072624538BF634568
:1079D00007D213F47F0F16D080EA010000F00040B8
:1079E000704710B500F0EBF8097EFC3E00F005B8DA
:1079F00080EA010000F00040704780EA010000F0DA
:107A0000004000F022B912F47F0F04BF0248704713
:107A100080EA010000F019B90000C07F41000B0EA0
:107A2000D3F19E0208D950F400034FEA032323FA4E
:107A300002F048BF4042704710B500F0C0F800BFE8
:107A400049922480002070476FF0004282EA2000B3
:107A500070470000C10DD1F19E0206DB4FEA002302
:107A600043F0004323FA02F07047004207D54FEA83
:107A70004001B1F1FE4F02D24FF00000704710B547
:107A800000F09DF849922480002070476FEA2000A2
:107A900070470000B0FA80F310FA03F2C3F19D03BF
:107AA0000AD0D90501EB1220530638BF704700F108
:107AB000010008BF20F00100704700004FF47F0C68
:107AC0001CEAD0121EBF1CEAD11392EA0C0F93EAF3
:107AD0000C0F00F0478090EA010F48BF42F480721B
:107AE0004FF0004C4CEA00204CEA012102EB03026B
:107AF000A0FB0113A2F50002002918BF43F0010307
:107B00005B0028BF4FEA330342EB22425FEA132CAB
:107B10004CEBC2502EBFBCEB436FB2F57C0F7047ED
:107B20004FEA036CBCF1004F08BF20F00100B2F532
:107B30007C0F38BF70470BD582F0FF0212F5803FF3
:107B4000C8BF704700F1C040D8BF00F00040704788
:107B500000F5000C5FEA4C0C48BF7047B0F1C04024
:107B600000F073B890EA010F0CEAD11348BF42F459
:107B70008072624538BF634504D280EA010000F09C
:107B80000040704710B500F01AF800BF8900013EB0
:107B900000F007B800F009B85FEA410C5FEA1C6C1E
:107BA00008D080EA010000F050B85FEA400C5FEABC
:107BB0001C6CF6D14FF00040A0F5800070470EF12C
:107BC000020E2EF0030E5EF8044B244204D44FEA5A
:107BD0004102B2F17F4F11D84FEA4003B3F17F4F1A
:107BE0000CD80ED14FEAD07CB2F17F4F0CEB4C0C8D
:107BF0000CF1020C08BF4CEBD17C04E04FF0080CF8
:107C000001E04FEAD17C0CEB4C0324FA03F404F0BE
:107C10000704B4F1040C06D20EEB840CBDE810404E
:107C20004CF0010C6047DFE80CF0070802024FF04F
:107C30000040A0F5800010BD0846420018BFD2F1F8
:107C4000807288BF00F0004010BDFF2141EAD05093
:107C5000C005704780F0004090EA010F7FF5C1AD8C
:107C600081F0004100F007B890EA010F48BF81F0B1
:107C700000413FF5B6AD421A04D882F00042A0EBB5
:107C8000020011444FEAD0524FF07F4C1CEA410FE2
:107C9000A2EBD15318BF9CEA026F4AD04FF0004CC0
:107CA0004CEA00204CEA012121FA03FCB0EB0C0C59
:107CB0000FD412F0FE0F36D05FEA4C001DD5001233
:107CC00040EBC25038BF70471CF03F0F18BF7047E1
:107CD0000BE0A2F101025FEA1C2040EBC25038BF6A
:107CE00070471CF07F0F18BF7047C3F12003994005
:107CF00014BF401E20F00100704780084FEA122395
:107D000008BF7047B0FA80FCA2EB0C02CCF1280C43
:107D100060FA0CF093EA122F04BF00EBC2507047D8
:107D20004FEAC3707047130A5FEADC1008BF704760
:107D3000F6E79CEA026F04D010EA5C0F08BF00204F
:107D4000704710B5FFF73BFF40DFF63E81F0004083
:107D5000704700000000000000000000000000006C
:107D600000003F4000000000000000003000400024
:107D700030004000000009000BC03D000BC03D007A
:107D8000090018C024407FE0224031800000180024
:107D900024C01B000D803240018003801C4027401E
:107DA0001C80074000401000600000000000000040
:107DB00000000000000000001F8020404020000064
:107DC000402020401F8000000000090006001F80A6
:107DD000060009000000040004003F8004000400C5
:107DE000000000100060000000000000000004001F
:107DF0000400040004000400000000000040000033
:107E0000000000000000002001C006003800400013
:107E100000001F802040204020401F800000000004
:107E200010403FC000400000000018C02140224028
:107E300024401840000010802040244024401B8033
:107E4000000002000D0011003FC0014000003C8016
:107E5000244024402440238000001F8024402440EC
:107E60003440038000003000200027C0380020008C
:107E700000001B802440244024401B8000001C0084
:107E800022C0224022401F80000000000000084065
:107E9000000000000000000000000460000000007E
:107EA0000000000004000A0011002080404009008A
:107EB000090009000900090000000000404020807E
:107EC00011000A00040018002000234024001800BC
:107ED00000001F802040274029401F400000004034
:107EE00007C039000F0001C0004020403FC02440BF
:107EF00024401B8000001F80204020402040308014
:107F0000000020403FC0204020401F800000204053
:107F10003FC024402E4030C0000020403FC02440DD
:107F20002E00300000000F001080204022403380DF
:107F3000020020403FC0040004003FC02040204019
:107F400020403FC020402040000000602020202032
:107F50003FC02000200020403FC024400B0030C024
:107F6000204020403FC020400040004000C03FC0B3
:107F70003C0003C03C003FC0000020403FC00C401C
:107F800023003FC020001F802040204020401F8051
:107F9000000020403FC024402400180000001F8043
:107FA0002140214020E01FA0000020403FC024408D
:107FB000260019C0004018C02440244022403180CF
:107FC0000000300020403FC0204030000000200072
:107FD0003F80004000403F80200020003E0001C064
:107FE000070038002000380007C03C0007C03800F8
:107FF0000000204039C0060039C0204000002000A9
:10800000384007C0384020000000304021C02640E2
:10801000384020C00000000000007FE040204020E9
:108020000000000070000C00038000400000000011
:10803000402040207FE000000000000020004000C1
:1080400020000000000000100010001000100010C0
:1080500000100000000040000000000000000000D0
:1080600002800540054003C0004020003FC004409E
:1080700004400380000000000380044004400640E8
:10808000000000000380044024403FC00040000086
:1080900003800540054003400000000004401FC06D
:1080A000244024402000000002E005500550065006
:1080B000042020403FC00440040003C000400000F2
:1080C000044027C000400000000000100010041011
:1080D00027E00000000020403FC00140070004C02E
:1080E0000440204020403FC000400040000007C046
:1080F000040007C0040003C00000044007C004409F
:10810000040003C0004000000380044004400380DA
:108110000000041007F00450044003800000000039
:1081200003800440045007F00010044007C00240E0
:10813000040004000000000006400540054004C0A3
:108140000000000004001F80044000400000040004
:1081500007800040044007C000400400070004C03E
:10816000018006000400060001C0070001C00600EF
:108170000000044006C0010006C0044000000410D6
:10818000071004E00180060004000000044005C060
:108190000640044000000000000004007BE0402096
:1081A0000000000000000000FFF0000000000000E0
:1081B00040207BE004000000000040008000400000
:1081C000200020004000000000000000000000002F
:1081D0000000000000000000000000001FCC000CA8
:1081E00000000000000000000800300060000800EF
:1081F000300060000000022003FC1E20022003FC6F
:108200001E200220000000000E1811043FFF108401
:108210000C78000000000F0010840F3800C00778B1
:1082200018840078000000780F8410C411240E9880
:1082300000E40084000808006800700000000000EE
:1082400000000000000000000000000007E0181817
:10825000200440020000000040022004181807E03B
:108260000000000000000240024001800FF0018089
:108270000240024000000080008000800FF8008073
:108280000080008000000001000D000E00000000D2
:1082900000000000000000000080008000800080DE
:1082A0000080008000800000000C000C0000000036
:1082B00000000000000000000006001800600180BF
:1082C000060018002000000007F008081004100441
:1082D000080807F000000000080408041FFC000460
:1082E00000040000000000000E0C101410241044C4
:1082F00011840E0C000000000C181004110411046D
:1083000012880C700000000000E003200424082400
:108310001FFC0024000000001F98108411041104A9
:10832000108810700000000007F008881104110484
:1083300018880070000000001C00100010FC1300E2
:108340001C001000000000000E381144108410843E
:1083500011440E38000000000700088C104410443F
:10836000088807F00000000000000000030C030C68
:1083700000000000000000000000000101060000F5
:1083800000000000000000000080014002200410F6
:10839000080810040000022002200220022002200F
:1083A000022002200000000010040808041002202F
:1083B00001400080000000000E001200100C106C44
:1083C00010800F00000003E00C1813E4142417C4FD
:1083D000082807D000000004003C03C41C400740EC
:1083E00000E4001C000410041FFC1104110411041B
:1083F0000E880070000003E00C1810041004100434
:1084000010081C10000010041FFC100410041004BD
:10841000080807F0000010041FFC1104110417C421
:1084200010040818000010041FFC1104110017C0EC
:1084300010000800000003E00C18100410041044A1
:108440001C780040000010041FFC10840080008095
:1084500010841FFC10040000100410041FFC100402
:1084600010040000000000030001100110011FFEB5
:1084700010001000000010041FFC1104038014649D
:10848000181C1004000010041FFC10040004000459
:108490000004000C000010041FFC1F0000FC1F0063
:1084A0001FFC1004000010041FFC0C04030000E07B
:1084B00010181FFC100007F0080810041004100426
:1084C000080807F0000010041FFC108410801080C2
:1084D00010800F00000007F0081810241024101C52
:1084E000080A07F2000010041FFC1104110011C05B
:1084F00011300E0C000400000E1C110410841084B6
:1085000010441C3800001800100010041FFC100458
:1085100010001800000010001FF8100400040004F0
:1085200010041FF8100010001E0011E0001C007065
:1085300013801C0010001FC0103C00E01F0000E072
:10854000103C1FC000001004180C163401C001C0FC
:108550001634180C100410001C00130400FC130443
:108560001C00100000000804101C10641084130488
:108570001C04101800000000000000007FFE4002F4
:10858000400240020000000030000C000380006048
:10859000001C0003000000004002400240027FFE79
:1085A000000000000000000000002000400040002B
:1085B0004000200000000001000100010001000156
:1085C0000001000100010000400040002000000008
:1085D0000000000000000000009801240144014454
:1085E000014400FC000410001FFC00880104010489
:1085F0000088007000000000007000880104010481
:1086000001040088000000000070008801040104DB
:1086100011081FFC0004000000F80144014401445B
:10862000014400C800000000010401040FFC110413
:10863000110411001800000000D6012901290129A8
:1086400001C90106000010041FFC008401000100A4
:10865000010400FC000400000104190419FC0004DA
:1086600000040000000000000003000101011901E6
:1086700019FE0000000010041FFC0024004001B49B
:10868000010C010400000000100410041FFC000491
:10869000000400000000010401FC0104010001FCD1
:1086A0000104010000FC010401FC00840100010040
:1086B000010400FC0004000000F8010401040104AE
:1086C000010400F80000010101FF0085010401041C
:1086D00000880070000000000070008801040104A0
:1086E000010501FF00010104010401FC00840104F3
:1086F000010001800000000000CC012401240124BD
:1087000001240198000000000100010007F80104A5
:10871000010400000000010001F80004000400044E
:10872000010801FC0004010001800170000C001030
:1087300001600180010001F0010C003001C0003037
:10874000010C01F0010000000104018C00740170B3
:10875000018C01040000010101810171000E00186B
:1087600001600180010000000184010C013401441A
:108770000184010C00000000000000000000010066
:108780003EFC400240020000000000000000FFFF2D
:108790000000000000000000400240023EFC01001A
:1087A0000000000000000000600080008000400029
:1087B0004000200020000000000000000000000039
:1087C00000000000000000000000000000000000A9
:1087D0000000000000000000000000000000000099
:1087E0000000000000000000000F80380FFE380F6E
:1087F00080380000000000000000000000000000C1
:10880000000000000100000600000C00003800001D
:108810003100000600000C000038000030000000AD
:1088200000000000000061800067F807F980006127
:10883000800061800061800061800067F807F98036
:1088400000618000000000000000000001C0E003A3
:10885000E0F00630080418081FFFFE040E08078722
:10886000F00381E000000000000001F000060C00B1
:10887000040408060C7001F9C0000E00003BE00083
:10888000EC18070808040C180003E00000000001C1
:10889000E00007F003F818041C0804170807E1D0EB
:1088A00003C0E00023B0003C0800200800001000D6
:1088B00000000000000100003100003200001C0038
:1088C00000000000000000000000000000000000A8
:1088D0000000000000000000000000000000000098
:1088E0000000000000007F0001FFC00780F00C00C6
:1088F0001810000420000200000000000020000208
:108900001000040C00180780F001FFC0007F000079
:108910000000000000000000000000000000000057
:1089200000004200006600006600003C00001800E5
:1089300003FFC0001800003C000066000066000055
:1089400042000000000008000008000008000008C5
:108950000000080001FFC000080000080000080037
:1089600000080000080000000000000100003100C5
:10897000003200001C0000000000000000000000A9
:1089800000000000000000000000000000000800DF
:1089900000080000080000080000080000080000AF
:1089A00008000008000008000008000000000000A7
:1089B000000000000000380000380000380000000F
:1089C00000000000000000000000000000000000A7
:1089D000000000000000000600001C000070000104
:1089E00080000E0000380000C0000700001C0000DE
:1089F000300000000000000000007F8001FFE00365
:108A0000807006001804000804000806001803809F
:108A10007001FFE0007F8000000000000000000007
:108A200001000801000801000803FFF807FFF80033
:108A3000000800000800000800000000000000001E
:108A40000001C03802C0580400980401180402183C
:108A5000040418061C1803F81801E0F800000000D0
:108A6000000000000001C0E003C0F004000804089A
:108A70000804080806180803F41801E7F00001E0EC
:108A8000000000000000000000000300000D0000D6
:108A9000110000610000810803010807FFF80FFFC3
:108AA000F80001080001080000000000000000E0DC
:108AB00007FCD0060808061008061008061008066D
:108AC0001838060FF00607C0000000000000000084
:108AD00000003F8001FFE003843002081804100802
:108AE000041008041008071810030FF00007C00056
:108AF000000000000000000003C0000700000600A6
:108B0000000600F80607F806180006E00007000057
:108B100006000000000000000001E1E003F7F0069D
:108B20003410041808041808040C08040C0806166D
:108B30001803F3F001C1E000000000000000F8009D
:108B400003FC300306380402080402080402080487
:108B500004100308F001FFC0007F000000000000C7
:108B6000000000000000000000000000000070385D
:108B700000703800703800000000000000000000A5
:108B800000000000000000000000000000000000E5
:108B90000000301A00301C0000000000000000003F
:108BA00000000000000000000000000000080000BD
:108BB00014000022000041000080800100400200FB
:108BC0002004001008000800000000000000210040
:108BD00000210000210000210000210000210000F0
:108BE0002100002100002100002100000000000001
:108BF00000000000080008040010020020010040EE
:108C000000808000410000220000140000080000E5
:108C1000000000000003C00004C0000400000800C1
:108C200038080F380808380810000C300007E0003A
:108C300003C000000000000000003F8000FFE003D0
:108C40008070020F1006708804C088048308047FB7
:108C50008802C09003012000FE40000008000018B8
:108C60000001F8003E0801C20007020007E2000010
:108C7000FE00001FC80001F80000380000080400D2
:108C80000807FFF807FFF8040808040808040808A4
:108C900004080806180803F41801E7F00001E000D2
:108CA0000000000000003F8001FFE0038070020030
:108CB000180400080400080400080400100600203E
:108CC0000780C000000004000807FFF807FFF80451
:108CD00000080400080400080400180200100380C3
:108CE0007001FFE0007F8000000004000807FFF82B
:108CF00007FFF80408080408080408080408080422
:108D00003E0804000806001801006000000004008E
:108D10000807FFF807FFF804080804080004080023
:108D2000040800043E000600000600000180000068
:108D30000000000000003F8001FFE003807006009B
:108D4000180400080402080402080203F00783F074
:108D500000020000020004000807FFF807FFF80403
:108D600008080008000008000008000008000408C7
:108D70000807FFF807FFF8040008000000000000E3
:108D800004000804000804000807FFF807FFF804BF
:108D900000080400080400080000000000000000B3
:108DA00000000006000007000001040001040001AB
:108DB00004000307FFFE07FFFC040000040000049A
:108DC000000004000807FFF807FFF8040C0800186B
:108DD00000003E0004C7800503C80600F804003800
:108DE00004001800000804000807FFF807FFF80453
:108DF000000800000800000800000800000800004B
:108E00000800001800006000000004000807FFF8D8
:108E100007800807FC00007FC00003F80007C000BF
:108E2000780007800807FFF807FFF804000804002F
:108E30000807FFF807000803C00000E00000380042
:108E4000001E000007000001C00400F007FFF80446
:108E50000000000000007F8001FFE003807006003A
:108E60001804000804000806001803003001FFE0A1
:108E7000007F8000000004000807FFF807FFF804E7
:108E80000408040400040400040400040400060CA4
:108E90000003F80001F000000000000000007F80E7
:108EA00001FFE00380700600880400880400C80603
:108EB000003C03003E01FFE6007F84000000040048
:108EC0000807FFF807FFF8040808040800040C006E
:108ED000040F00040BC00610F003F03801E0080096
:108EE000000800000001E0F803F03006301004181C
:108EF00008041808040C08040C080206180207F0FD
:108F00000781E0000000018000060000040000046A
:108F1000000004000807FFF807FFF8040008040039
:108F20000004000006000001800004000007FFE0CC
:108F300007FFF00400180000080000080000080007
:108F4000000800000804001007FFE004000004000F
:108F50000006000007E00007FE00041FE00001F823
:108F60000000380001E0043E0007C00006000004D5
:108F7000000004000007E00007FFC0041FF800071E
:108F8000C007F80007FF80043FF80007C004F8009E
:108F90000700000400000000000400080600180795
:108FA000C07805F1C8003E00001F800463E8078018
:108FB000F806001804000800000004000006000085
:108FC00007800007E008047C08001FF80007F8008D
:108FD000180804E008070000060000040000000074
:108FE000000100080600380400F80403E8040F0834
:108FF000047C0805F00807C008070018040060009A
:109000000000000000000000000000000000000060
:10901000003FFFFE2000022000022000022000028C
:10902000200002000000000000000000080000070F
:10903000000000C0000038000006000001C0000071
:109040003000000E000001000000000000000000E1
:109050002000022000022000022000022000023F27
:10906000FFFE000000000000000000000000000003
:1090700000000000000000080000100000300000A8
:109080002000003000001000000800000000000078
:1090900000000000010000010000010000010000CC
:1090A00001000001000001000001000001000001BA
:1090B000000001000001000000000000000000208E
:1090C0000000200000100000100000000000000060
:1090D000000000000000000000000000000000F0A0
:1090E0000019F8001B1800220800260800240800B8
:1090F0002410003FF8001FF80000080000180000CE
:109100000004000007FFF80FFFF000181800100817
:10911000002008002008003018001FF0000FC000D9
:1091200000000000000007C0001FF0001830002001
:1091300008002008002008003C08001C1000006007
:109140000000000000000000000007C0001FF00049
:10915000381800200800200800200804101007FF1D
:10916000F80FFFF0000010000000000000000000F9
:109170000007C0001FF00012300022180022080073
:109180002208003208001E10000E2000000000001F
:109190000000200000200800200801FFF803FFF86D
:1091A000062008042008042008072000030000000F
:1091B000000000000000000E000E6E001FF30031E2
:1091C000B10020B10020B1003191001F13002E1E0C
:1091D00000200E00300000000004000807FFF80F18
:1091E000FFF8001008002000002000002008003FC9
:1091F000F8001FF800000800000000000000000058
:10920000002008002008002008063FF8063FF8006C
:109210000008000008000008000000000000000036
:1092200000000000000003000003002001002001F6
:10923000002003063FFE063FFC0000000000000087
:10924000000000000004000807FFF80FFFF800010D
:1092500088000300002FC00038F8002038002008E4
:1092600000000800000000000000000004000804E6
:10927000000804000807FFF80FFFF80000080000CE
:1092800008000008000000000000002008003FF86F
:10929000003FF8001008002000003FF8003FF800F1
:1092A0001008002000003FF8003FF8000008000010
:1092B00000002008003FF8003FF8001008001000F0
:1092C000002000002008003FF8001FF80000080000
:1092D00000000000000007C0000FF0001830003050
:1092E00008002008002008003008001830000FF0A7
:1092F0000007C0000000000000002001003FFF0048
:109300003FFF001011002009002008002008003055
:1093100038001FF0000FC00000000000000007C070
:10932000001FF00038180020080020080020090065
:109330001011001FFF003FFF00000100000000208F
:1093400008002008002008003FF8003FF800080847
:10935000001008002008002000003000003000004D
:109360000000000000000000000C78001E18003310
:10937000080023080021080021880021980030F00F
:109380000038600000000000000020000020000005
:10939000200000FFF003FFF8002008002008002054
:1093A0000800003000000000000000000000200065
:1093B000003FF0007FF800001800000800000800DF
:1093C0002010003FF8007FF00000100000000000B7
:1093D00000002000003000003C00003F800023F02F
:1093E000000078000070002380003C000030000086
:1093F0002000002000003C00003FE00023F80000B7
:10940000E0002700003E00003FE00021F80001E0FE
:10941000003E00002000000000002008002008009E
:109420003838003E680027800003C8002CF8003858
:109430003800201800200800000000000000200074
:10944000003003003C01003F830023EC000070006B
:109450002380003C000020000020000000000000ED
:10946000000000000038080020380020F80023E841
:10947000002F88003E080038080020180000700007
:1094800000000000000000000000000000000000DC
:10949000000008000014001FF7FC30000620000246
:1094A00000000000000000000000000000000000BC
:1094B0000000000000000000FFFFFF0000000000AF
:1094C000000000000000000000000000000000009C
:1094D0002000023000061FF7FC0014000008000006
:1094E000000000000000000000000000000000007C
:1094F0000018000060000040000040000020000054
:109500001000000800000400000400000C0000101F
:109510000000303132333435363738394142434434
:1095200045464030580030313233343536373839DB
:109530006162636465664030780000005C950008F5
:10954000000000203C0000006C0100089895000815
:109550003C0000203C0700008801000800A24A04EB
:1095600000000000000000000102030406070809D3
:1095700001000000FFFF00000000000000000000EC
:1095800000000000000001020304010203040607BA
:089590000809020406080000AE
:0400000508000131BD
:00000001FF
